CustomerID,Recency,Frequency,MonetaryValue,R,F,M,RFM_Score,General_Segment,Is_Churned
12346.0,326,1,77183.6,1,1,5,7,At Risk,1
12350.0,310,17,334.4,1,2,2,5,At Risk,1
12354.0,232,58,1079.4,1,3,4,8,At Risk,1
12363.0,110,23,552.0,2,2,3,7,At Risk,1
12365.0,291,22,641.38,1,2,3,6,At Risk,1
12367.0,4,11,168.9,5,1,1,7,At Risk,0
12379.0,82,40,852.24,2,3,3,8,At Risk,0
12390.0,80,32,549.84,2,3,3,8,At Risk,0
12403.0,50,5,427.7,3,1,2,6,At Risk,0
12410.0,309,26,693.3299999999999,1,2,3,6,At Risk,1
12414.0,217,18,562.41,1,2,3,6,At Risk,1
12418.0,113,34,668.58,2,3,3,8,At Risk,1
12420.0,64,29,600.39,3,2,3,8,At Risk,0
12422.0,96,39,803.5600000000001,2,3,3,8,At Risk,1
12425.0,78,36,777.2,2,3,3,8,At Risk,0
12426.0,195,30,582.73,1,3,3,7,At Risk,1
12430.0,43,11,256.4,3,1,2,6,At Risk,0
12434.0,85,50,806.14,2,3,3,8,At Risk,0
12436.0,100,16,509.01,2,2,3,7,At Risk,1
12442.0,3,12,172.06,5,1,1,7,At Risk,0
12445.0,22,4,133.4,4,1,1,6,At Risk,0
12447.0,243,26,476.49,1,2,2,5,At Risk,1
12448.0,44,22,449.45,3,2,2,7,At Risk,0
12452.0,17,22,430.57,4,2,2,8,At Risk,0
12453.0,134,43,707.09,2,3,3,8,At Risk,1
12461.0,94,35,826.88,2,3,3,8,At Risk,1
12468.0,188,38,729.5400000000001,1,3,3,7,At Risk,1
12489.0,336,15,334.93,1,2,2,5,At Risk,1
12491.0,39,26,460.40000000000003,3,2,2,7,At Risk,0
12492.0,63,20,263.21000000000004,3,2,2,7,At Risk,0
12493.0,166,22,433.74,2,2,2,6,At Risk,1
12497.0,82,14,1043.1,2,1,4,7,At Risk,0
12498.0,21,23,403.70000000000005,4,2,2,8,At Risk,0
12504.0,18,9,482.04999999999995,4,1,2,7,At Risk,0
12507.0,134,22,1304.81,2,2,4,8,At Risk,1
12512.0,66,34,138.03,3,3,1,7,At Risk,0
12513.0,113,35,612.29,2,3,3,8,At Risk,1
12514.0,267,51,1017.68,1,3,4,8,At Risk,1
12515.0,353,16,383.7,1,2,2,5,At Risk,1
12516.0,78,26,1312.06,2,2,4,8,At Risk,0
12519.0,64,18,340.84,3,2,2,7,At Risk,0
12521.0,143,38,599.68,2,3,3,8,At Risk,1
12522.0,39,12,192.72,3,1,1,5,At Risk,0
12527.0,82,18,348.71000000000004,2,2,2,6,At Risk,0
12531.0,15,17,125.22,4,2,1,7,At Risk,0
12532.0,30,16,349.83000000000004,4,2,2,8,At Risk,0
12535.0,92,34,716.35,2,3,3,8,At Risk,1
12538.0,29,21,363.95,4,2,2,8,At Risk,0
12544.0,36,19,372.7,3,2,2,7,At Risk,0
12552.0,39,20,437.82,3,2,2,7,At Risk,0
12558.0,8,11,269.96,5,1,2,8,At Risk,0
12559.0,311,21,561.71,1,2,3,6,At Risk,1
12564.0,261,21,456.9,1,2,2,5,At Risk,1
12566.0,86,19,351.65,2,2,2,6,At Risk,0
12579.0,78,29,440.42,2,2,2,6,At Risk,0
12580.0,247,24,415.7,1,2,2,5,At Risk,1
12581.0,40,15,197.71,3,2,1,6,At Risk,0
12582.0,239,22,511.36,1,2,3,6,At Risk,1
12586.0,17,11,196.94000000000003,4,1,1,6,At Risk,0
12587.0,8,4,144.0,5,1,1,7,At Risk,0
12588.0,39,10,214.89999999999998,3,1,1,5,At Risk,0
12591.0,317,26,452.84999999999997,1,2,2,5,At Risk,1
12592.0,92,18,437.6,2,2,2,6,At Risk,1
12593.0,109,21,418.09999999999997,2,2,2,6,At Risk,1
12596.0,51,27,618.27,3,2,3,8,At Risk,0
12601.0,190,28,577.0600000000001,1,2,3,6,At Risk,1
12602.0,59,12,153.12,3,1,1,5,At Risk,0
12603.0,22,3,739.1999999999999,4,1,3,8,At Risk,0
12604.0,79,16,254.18,2,2,2,6,At Risk,0
12612.0,74,19,704.0400000000001,2,2,3,7,At Risk,0
12614.0,278,20,315.6,1,2,2,5,At Risk,1
12616.0,95,32,713.3,2,3,3,8,At Risk,1
12618.0,22,11,177.31,4,1,1,6,At Risk,0
12623.0,276,18,305.1,1,2,2,5,At Risk,1
12624.0,106,38,641.13,2,3,3,8,At Risk,1
12639.0,239,22,486.1,1,2,2,5,At Risk,1
12644.0,130,31,477.91,2,3,2,7,At Risk,1
12648.0,155,21,318.05,2,2,2,6,At Risk,1
12649.0,107,31,623.51,2,3,3,8,At Risk,1
12652.0,331,48,919.98,1,3,3,7,At Risk,1
12659.0,30,5,91.68,4,1,1,6,At Risk,0
12660.0,11,13,245.1,5,1,1,7,At Risk,0
12690.0,206,16,389.01,1,2,2,5,At Risk,1
12693.0,127,39,855.91,2,3,3,8,At Risk,1
12701.0,80,53,797.71,2,3,3,8,At Risk,0
12702.0,20,12,219.0,4,1,1,6,At Risk,0
12703.0,71,21,283.55,3,2,2,7,At Risk,0
12707.0,292,33,603.42,1,3,3,7,At Risk,1
12715.0,106,21,353.86,2,2,2,6,At Risk,1
12718.0,71,19,238.25,3,2,1,6,At Risk,0
12725.0,371,24,427.8,1,2,2,5,At Risk,1
12729.0,114,26,453.01,2,2,2,6,At Risk,1
12733.0,234,22,383.95,1,2,2,5,At Risk,1
12735.0,315,43,779.5699999999999,1,3,3,7,At Risk,1
12740.0,64,27,427.6,3,2,2,7,At Risk,0
12750.0,129,15,275.88,2,2,2,6,At Risk,1
12755.0,281,4,3811.95,1,1,5,7,At Risk,1
12763.0,138,18,494.08,2,2,3,7,At Risk,1
12764.0,317,45,1693.88,1,3,4,8,At Risk,1
12769.0,239,32,1143.6,1,3,4,8,At Risk,1
12770.0,211,12,1351.45,1,1,4,6,At Risk,1
12781.0,64,25,826.74,3,2,3,8,At Risk,0
12789.0,65,4,91.85,3,1,1,5,At Risk,0
12790.0,192,21,324.92,1,2,2,5,At Risk,1
12792.0,257,25,400.53999999999996,1,2,2,5,At Risk,1
12793.0,335,24,545.48,1,2,3,6,At Risk,1
12795.0,19,14,430.48,4,1,2,7,At Risk,0
12802.0,187,25,427.58,1,2,2,5,At Risk,1
12808.0,37,28,483.65000000000003,3,2,2,7,At Risk,0
12809.0,178,25,489.31,2,2,2,6,At Risk,1
12811.0,261,31,514.85,1,3,3,7,At Risk,1
12812.0,45,15,229.64000000000001,3,2,1,6,At Risk,0
12816.0,96,29,572.2,2,2,3,7,At Risk,1
12818.0,262,14,1542.08,1,1,4,6,At Risk,1
12823.0,75,5,1759.5,2,1,4,7,At Risk,0
12824.0,60,25,397.12,3,2,2,7,At Risk,0
12832.0,32,27,383.03,4,2,2,8,At Risk,0
12833.0,145,24,417.38,2,2,2,6,At Risk,1
12834.0,283,18,312.38,1,2,2,5,At Risk,1
12845.0,267,27,354.09,1,2,2,5,At Risk,1
12851.0,97,50,135.18,2,3,1,6,At Risk,1
12852.0,295,17,311.55,1,2,2,5,At Risk,1
12857.0,211,46,1106.4,1,3,4,8,At Risk,1
12863.0,52,5,521.2,3,1,3,7,At Risk,0
12866.0,283,26,559.12,1,2,3,6,At Risk,1
12871.0,84,11,380.64,2,1,2,5,At Risk,0
12872.0,327,66,599.97,1,4,3,8,At Risk,1
12875.0,143,2,343.2300000000001,2,1,2,5,At Risk,1
12878.0,236,47,854.99,1,3,3,7,At Risk,1
12879.0,45,10,573.22,3,1,3,7,At Risk,0
12884.0,88,7,309.05,2,1,2,5,At Risk,0
12893.0,31,34,188.14,4,3,1,8,At Risk,0
12895.0,42,22,372.8,3,2,2,7,At Risk,0
12908.0,176,2,750.0,2,1,3,6,At Risk,1
12915.0,149,22,363.65,2,2,2,6,At Risk,1
12917.0,128,2,594.0,2,1,3,6,At Risk,1
12920.0,17,28,164.23,4,2,1,7,At Risk,0
12922.0,161,28,405.38,2,2,2,6,At Risk,1
12923.0,64,29,176.97,3,2,1,6,At Risk,0
12924.0,88,30,933.7,2,3,3,8,At Risk,0
12930.0,78,25,415.8,2,2,2,6,At Risk,0
12938.0,26,9,114.14,4,1,1,6,At Risk,0
12945.0,288,23,462.95,1,2,2,5,At Risk,1
12966.0,10,10,160.18,5,1,1,7,At Risk,0
12967.0,358,19,1660.9,1,2,4,7,At Risk,1
12976.0,212,22,738.6,1,2,3,6,At Risk,1
12981.0,30,20,372.21999999999997,4,2,2,8,At Risk,0
12982.0,243,28,390.54,1,2,2,5,At Risk,1
12984.0,19,4,97.5,4,1,1,6,At Risk,0
12987.0,74,28,558.7,2,2,3,7,At Risk,0
12988.0,292,92,535.32,1,4,3,8,At Risk,1
12990.0,31,13,409.5,4,1,2,7,At Risk,0
12993.0,23,27,414.76,4,2,2,8,At Risk,0
12999.0,196,28,455.88,1,2,2,5,At Risk,1
13000.0,107,31,534.85,2,3,3,8,At Risk,1
13005.0,174,26,513.7,2,2,3,7,At Risk,1
13006.0,56,4,81.57,3,1,1,5,At Risk,0
13016.0,73,47,789.89,2,3,3,8,At Risk,0
13017.0,7,1,204.0,5,1,1,7,At Risk,0
13035.0,74,27,921.88,2,2,3,7,At Risk,0
13037.0,138,48,881.07,2,3,3,8,At Risk,1
13038.0,80,28,908.46,2,2,3,7,At Risk,0
13043.0,273,13,516.42,1,1,3,5,At Risk,1
13044.0,291,33,560.47,1,3,3,7,At Risk,1
13045.0,99,18,305.28000000000003,2,2,2,6,At Risk,1
13049.0,64,14,656.6800000000001,3,1,3,7,At Risk,0
13052.0,212,18,348.15000000000003,1,2,2,5,At Risk,1
13058.0,25,8,271.40000000000003,4,1,2,7,At Risk,0
13060.0,254,15,307.53,1,2,2,5,At Risk,1
13061.0,72,10,248.61,3,1,1,5,At Risk,0
13067.0,82,15,115.46000000000001,2,2,1,5,At Risk,0
13068.0,10,2,344.0,5,1,2,8,At Risk,0
13075.0,130,22,919.61,2,2,3,7,At Risk,1
13079.0,4,6,220.10000000000002,5,1,1,7,At Risk,0
13085.0,158,22,416.08000000000004,2,2,2,6,At Risk,1
13091.0,28,21,345.82,4,2,2,8,At Risk,0
13092.0,71,25,477.83,3,2,2,7,At Risk,0
13095.0,71,6,74.39999999999999,3,1,1,5,At Risk,0
13103.0,40,8,243.94,3,1,1,5,At Risk,0
13116.0,138,30,501.14,2,3,3,8,At Risk,1
13121.0,269,50,283.73,1,3,2,6,At Risk,1
13122.0,94,55,922.39,2,3,3,8,At Risk,1
13127.0,78,15,259.17,2,2,2,6,At Risk,0
13135.0,197,1,3096.0,1,1,5,7,At Risk,1
13140.0,108,46,423.72,2,3,2,7,At Risk,1
13142.0,19,23,307.09,4,2,2,8,At Risk,0
13145.0,40,6,618.52,3,1,3,7,At Risk,0
13146.0,26,17,228.91,4,2,1,7,At Risk,0
13160.0,22,4,91.8,4,1,1,6,At Risk,0
13166.0,283,41,417.2,1,3,2,6,At Risk,1
13169.0,64,13,712.88,3,1,3,7,At Risk,0
13170.0,27,32,116.00999999999999,4,3,1,8,At Risk,0
13177.0,65,17,282.45,3,2,2,7,At Risk,0
13182.0,45,11,121.18,3,1,1,5,At Risk,0
13187.0,337,37,236.02,1,3,1,5,At Risk,1
13188.0,11,2,114.60000000000001,5,1,1,7,At Risk,0
13189.0,19,29,260.68,4,2,2,8,At Risk,0
13193.0,61,29,117.88,3,2,1,6,At Risk,0
13207.0,15,8,250.26000000000002,4,1,2,7,At Risk,0
13210.0,94,22,353.48,2,2,2,6,At Risk,1
13217.0,122,4,533.98,2,1,3,6,At Risk,1
13220.0,78,21,819.2900000000001,2,2,3,7,At Risk,0
13221.0,240,66,847.41,1,4,3,8,At Risk,1
13228.0,81,2,358.0,2,1,2,5,At Risk,0
13233.0,74,43,605.12,2,3,3,8,At Risk,0
13235.0,212,58,1031.07,1,3,4,8,At Risk,1
13239.0,262,22,329.56,1,2,2,5,At Risk,1
13242.0,112,13,270.40000000000003,2,1,2,5,At Risk,1
13243.0,203,58,600.07,1,3,3,7,At Risk,1
13244.0,93,27,121.74000000000001,2,2,1,5,At Risk,1
13245.0,51,16,430.5,3,2,2,7,At Risk,0
13248.0,125,26,465.68,2,2,2,6,At Risk,1
13249.0,92,23,711.41,2,2,3,7,At Risk,1
13255.0,9,13,399.51,5,1,2,8,At Risk,0
13256.0,14,1,0.0,4,1,1,6,At Risk,0
13260.0,61,8,557.62,3,1,3,7,At Risk,0
13261.0,269,9,944.1,1,1,4,6,At Risk,1
13270.0,366,1,590.0,1,1,3,5,At Risk,1
13271.0,37,96,217.38,3,4,1,8,At Risk,0
13272.0,31,15,276.56,4,2,2,8,At Risk,0
13273.0,113,16,138.98,2,2,1,5,At Risk,1
13277.0,16,8,258.4,4,1,2,7,At Risk,0
13283.0,60,7,93.66,3,1,1,5,At Risk,0
13291.0,156,42,361.11,2,3,2,7,At Risk,1
13294.0,190,54,873.74,1,3,3,7,At Risk,1
13298.0,1,2,360.0,5,1,2,8,At Risk,0
13300.0,169,20,371.89,2,2,2,6,At Risk,1
13304.0,351,21,300.42,1,2,2,5,At Risk,1
13321.0,72,11,567.36,3,1,3,7,At Risk,0
13322.0,17,25,199.48000000000002,4,2,1,7,At Risk,0
13325.0,82,12,675.3,2,1,3,6,At Risk,0
13328.0,316,17,1308.48,1,2,4,7,At Risk,1
13332.0,14,21,350.9,4,2,2,8,At Risk,0
13336.0,77,51,795.12,2,3,3,8,At Risk,0
13338.0,158,19,487.02,2,2,2,6,At Risk,1
13339.0,201,54,860.12,1,3,3,7,At Risk,1
13341.0,261,42,775.85,1,3,3,7,At Risk,1
13343.0,178,19,353.43,2,2,2,6,At Risk,1
13345.0,288,20,389.5,1,2,2,5,At Risk,1
13347.0,70,8,341.36,3,1,2,6,At Risk,0
13348.0,64,14,233.76,3,1,1,5,At Risk,0
13349.0,11,16,247.32,5,2,1,8,At Risk,0
13351.0,66,16,373.94,3,2,2,7,At Risk,0
13352.0,60,24,397.97999999999996,3,2,2,7,At Risk,0
13355.0,122,32,674.7,2,3,3,8,At Risk,1
13356.0,80,42,768.24,2,3,3,8,At Risk,0
13357.0,257,90,609.95,1,4,3,8,At Risk,1
13358.0,269,29,439.03,1,2,2,5,At Risk,1
13359.0,64,23,439.56,3,2,2,7,At Risk,0
13364.0,71,10,134.95999999999998,3,1,1,5,At Risk,0
13366.0,50,1,56.160000000000004,3,1,1,5,At Risk,0
13368.0,257,29,623.4,1,2,3,6,At Risk,1
13370.0,372,39,754.87,1,3,3,7,At Risk,1
13372.0,90,23,378.64,2,2,2,6,At Risk,0
13375.0,89,37,778.65,2,3,3,8,At Risk,0
13385.0,330,35,534.57,1,3,3,7,At Risk,1
13388.0,131,35,677.1,2,3,3,8,At Risk,1
13390.0,75,13,544.08,2,1,3,6,At Risk,0
13395.0,185,21,307.72,1,2,2,5,At Risk,1
13398.0,192,26,457.34,1,2,2,5,At Risk,1
13402.0,127,39,621.23,2,3,3,8,At Risk,1
13403.0,18,3,75.0,4,1,1,6,At Risk,0
13404.0,1,11,252.49,5,1,2,8,At Risk,0
13405.0,74,27,572.451,2,2,3,7,At Risk,0
13411.0,107,18,213.55,2,2,1,5,At Risk,1
13414.0,134,24,1390.5,2,2,4,8,At Risk,1
13416.0,44,19,712.5,3,2,3,8,At Risk,0
13419.0,64,16,221.06,3,2,1,6,At Risk,0
13434.0,74,10,534.24,2,1,3,6,At Risk,0
13436.0,2,12,196.89,5,1,1,7,At Risk,0
13439.0,255,54,283.71,1,3,2,6,At Risk,1
13441.0,92,13,296.64,2,1,2,5,At Risk,1
13449.0,24,19,291.88,4,2,2,8,At Risk,0
13452.0,259,2,590.0,1,1,3,5,At Risk,1
13453.0,166,17,356.97999999999996,2,2,2,6,At Risk,1
13460.0,29,17,183.44,4,2,1,7,At Risk,0
13466.0,184,17,307.9,1,2,2,5,At Risk,1
13473.0,61,21,422.64,3,2,2,7,At Risk,0
13474.0,236,64,229.59,1,4,1,6,At Risk,1
13479.0,201,15,300.95,1,2,2,5,At Risk,1
13483.0,66,10,140.34,3,1,1,5,At Risk,0
13485.0,233,23,454.24,1,2,2,5,At Risk,1
13489.0,105,14,449.52,2,1,2,5,At Risk,1
13493.0,275,8,618.63,1,1,3,5,At Risk,1
13494.0,312,18,316.26000000000005,1,2,2,5,At Risk,1
13497.0,283,19,348.05,1,2,2,5,At Risk,1
13501.0,288,52,1340.32,1,3,4,8,At Risk,1
13502.0,17,18,292.0,4,2,2,8,At Risk,0
13503.0,71,17,216.85,3,2,1,6,At Risk,0
13504.0,64,22,295.93,3,2,2,7,At Risk,0
13506.0,316,26,458.52,1,2,2,5,At Risk,1
13512.0,261,15,251.21,1,2,2,5,At Risk,1
13518.0,86,38,659.4399999999999,2,3,3,8,At Risk,0
13522.0,30,5,125.80000000000001,4,1,1,6,At Risk,0
13524.0,41,27,680.1800000000001,3,2,3,8,At Risk,0
13525.0,15,6,628.78,4,1,3,8,At Risk,0
13529.0,79,15,307.76,2,2,2,6,At Risk,0
13531.0,205,22,483.8,1,2,2,5,At Risk,1
13532.0,34,66,210.31,3,4,1,8,At Risk,0
13533.0,183,76,270.79,1,4,2,7,At Risk,1
13539.0,86,37,631.34,2,3,3,8,At Risk,0
13563.0,84,49,777.53,2,3,3,8,At Risk,0
13565.0,19,38,240.22,4,3,1,8,At Risk,0
13568.0,173,44,192.85,2,3,1,6,At Risk,1
13572.0,206,33,1384.25,1,3,4,8,At Risk,1
13573.0,50,26,294.4,3,2,2,7,At Risk,0
13579.0,15,23,467.04,4,2,2,8,At Risk,0
13583.0,156,53,781.03,2,3,3,8,At Risk,1
13587.0,64,8,712.4,3,1,3,7,At Risk,0
13589.0,15,21,379.65,4,2,2,8,At Risk,0
13592.0,36,16,247.95999999999998,3,2,1,6,At Risk,0
13594.0,53,26,396.97,3,2,2,7,At Risk,0
13598.0,47,40,180.17000000000002,3,3,1,7,At Risk,0
13602.0,65,23,428.89,3,2,2,7,At Risk,0
13603.0,26,27,164.34,4,2,1,7,At Risk,0
13615.0,319,23,417.69,1,2,2,5,At Risk,1
13621.0,117,19,213.85,2,2,1,5,At Risk,1
13626.0,253,19,257.23,1,2,2,5,At Risk,1
13631.0,100,11,3070.42,2,1,5,8,At Risk,1
13638.0,16,8,122.64,4,1,1,6,At Risk,0
13642.0,216,66,354.8,1,4,2,7,At Risk,1
13645.0,120,5,252.1,2,1,2,5,At Risk,1
13649.0,257,23,346.6,1,2,2,5,At Risk,1
13651.0,35,6,94.2,3,1,1,5,At Risk,0
13655.0,114,56,932.97,2,3,3,8,At Risk,1
13656.0,165,49,379.65,2,3,2,7,At Risk,1
13662.0,86,53,897.76,2,3,3,8,At Risk,0
13666.0,60,12,84.65,3,1,1,5,At Risk,0
13667.0,149,87,305.02,2,4,2,8,At Risk,1
13669.0,51,9,218.55,3,1,1,5,At Risk,0
13670.0,75,25,349.7,2,2,2,6,At Risk,0
13675.0,151,25,486.82000000000005,2,2,2,6,At Risk,1
13678.0,152,16,232.6,2,2,1,5,At Risk,1
13684.0,286,30,67.23,1,3,1,5,At Risk,1
13689.0,63,6,910.0,3,1,3,7,At Risk,0
13690.0,59,9,172.25,3,1,1,5,At Risk,0
13697.0,39,12,151.29999999999998,3,1,1,5,At Risk,0
13699.0,155,14,308.58000000000004,2,1,2,5,At Risk,1
13706.0,303,20,330.79,1,2,2,5,At Risk,1
13707.0,267,48,806.41,1,3,3,7,At Risk,1
13708.0,271,51,296.88,1,3,2,6,At Risk,1
13710.0,32,8,180.48,4,1,1,6,At Risk,0
13720.0,117,43,799.9,2,3,3,8,At Risk,1
13721.0,36,28,524.14,3,2,3,8,At Risk,0
13727.0,29,20,333.48,4,2,2,8,At Risk,0
13730.0,136,43,752.6,2,3,3,8,At Risk,1
13731.0,219,38,610.59,1,3,3,7,At Risk,1
13737.0,200,30,339.59999999999997,1,3,2,6,At Risk,1
13739.0,18,3,216.9,4,1,1,6,At Risk,0
13740.0,241,23,350.75,1,2,2,5,At Risk,1
13745.0,162,25,300.04,2,2,2,6,At Risk,1
13748.0,96,28,948.25,2,2,4,8,At Risk,1
13753.0,288,35,741.26,1,3,3,7,At Risk,1
13754.0,152,12,282.59999999999997,2,1,2,5,At Risk,1
13760.0,54,57,286.79,3,3,2,8,At Risk,0
13774.0,82,22,345.0,2,2,2,6,At Risk,0
13787.0,76,31,309.04,2,3,2,7,At Risk,0
13791.0,128,11,1516.0,2,1,4,7,At Risk,1
13792.0,66,13,195.55,3,1,1,5,At Risk,0
13799.0,117,39,688.86,2,3,3,8,At Risk,1
13800.0,310,33,558.32,1,3,3,7,At Risk,1
13801.0,67,23,324.8,3,2,2,7,At Risk,0
13803.0,255,17,277.07,1,2,2,5,At Risk,1
13805.0,52,13,924.6,3,1,3,7,At Risk,0
13806.0,64,10,256.38,3,1,2,6,At Risk,0
13811.0,184,13,814.5,1,1,3,5,At Risk,1
13817.0,29,24,382.98,4,2,2,8,At Risk,0
13819.0,302,36,1140.35,1,3,4,8,At Risk,1
13821.0,145,59,385.64,2,4,2,8,At Risk,1
13828.0,22,15,209.49,4,2,1,7,At Risk,0
13832.0,19,3,52.199999999999996,4,1,1,6,At Risk,0
13833.0,159,29,384.8,2,2,2,6,At Risk,1
13837.0,212,19,271.24,1,2,2,5,At Risk,1
13845.0,65,9,312.98,3,1,2,6,At Risk,0
13848.0,92,5,1255.0,2,1,4,7,At Risk,1
13856.0,169,14,388.5,2,1,2,5,At Risk,1
13858.0,57,11,216.17,3,1,1,5,At Risk,0
13863.0,248,20,305.78,1,2,2,5,At Risk,1
13873.0,120,23,389.6,2,2,2,6,At Risk,1
13874.0,358,18,540.45,1,2,3,6,At Risk,1
13876.0,64,7,122.7,3,1,1,5,At Risk,0
13885.0,189,28,506.8,1,2,3,6,At Risk,1
13886.0,71,16,243.56,3,2,1,6,At Risk,0
13887.0,204,19,349.55,1,2,2,5,At Risk,1
13888.0,120,40,605.63,2,3,3,8,At Risk,1
13889.0,93,15,416.90000000000003,2,2,2,6,At Risk,1
13893.0,298,21,821.1,1,2,3,6,At Risk,1
13897.0,50,17,311.16,3,2,2,7,At Risk,0
13899.0,16,19,388.52,4,2,2,8,At Risk,0
13900.0,183,43,740.95,1,3,3,7,At Risk,1
13904.0,37,26,332.64,3,2,2,7,At Risk,0
13917.0,50,18,272.04,3,2,2,7,At Risk,0
13919.0,59,28,384.81,3,2,2,7,At Risk,0
13923.0,54,20,351.13,3,2,2,7,At Risk,0
13925.0,93,41,678.25,2,3,3,8,At Risk,1
13926.0,23,11,223.85000000000002,4,1,1,6,At Risk,0
13927.0,75,21,348.99,2,2,2,6,At Risk,0
13929.0,169,9,842.65,2,1,3,6,At Risk,1
13930.0,58,17,337.34,3,2,2,7,At Risk,0
13932.0,295,16,307.4,1,2,2,5,At Risk,1
13933.0,109,23,608.7900000000001,2,2,3,7,At Risk,1
13934.0,264,31,922.1,1,3,3,7,At Risk,1
13936.0,180,26,376.58,1,2,2,5,At Risk,1
13938.0,35,7,71.66,3,1,1,5,At Risk,0
13946.0,79,11,561.5699999999999,2,1,3,6,At Risk,0
13947.0,65,5,90.6,3,1,1,5,At Risk,0
13951.0,176,39,674.45,2,3,3,8,At Risk,1
13955.0,154,33,322.96,2,3,2,7,At Risk,1
13960.0,21,12,230.22,4,1,1,6,At Risk,0
13962.0,22,11,169.55,4,1,1,6,At Risk,0
13963.0,308,35,664.54,1,3,3,7,At Risk,1
13972.0,71,15,190.25,3,2,1,6,At Risk,0
13974.0,49,28,413.59000000000003,3,2,2,7,At Risk,0
13978.0,15,15,196.79000000000002,4,2,1,7,At Risk,0
13979.0,73,54,869.87,2,3,3,8,At Risk,0
13980.0,60,11,200.14,3,1,1,5,At Risk,0
13986.0,17,13,320.46,4,1,2,7,At Risk,0
13990.0,213,16,311.3,1,2,2,5,At Risk,1
13992.0,30,5,76.8,4,1,1,6,At Risk,0
14000.0,211,15,635.66,1,2,3,6,At Risk,1
14002.0,134,47,529.73,2,3,3,8,At Risk,1
14009.0,198,42,695.61,1,3,3,7,At Risk,1
14013.0,110,34,473.02,2,3,2,7,At Risk,1
14014.0,77,39,505.18,2,3,3,8,At Risk,0
14015.0,53,20,917.34,3,2,3,8,At Risk,0
14021.0,155,22,631.9,2,2,3,7,At Risk,1
14022.0,225,28,440.0,1,2,2,5,At Risk,1
14024.0,122,16,327.7,2,2,2,6,At Risk,1
14027.0,61,6,104.82,3,1,1,5,At Risk,0
14029.0,63,15,467.66,3,2,2,7,At Risk,0
14036.0,285,38,626.65,1,3,3,7,At Risk,1
14037.0,176,28,147.20000000000002,2,2,1,5,At Risk,1
14039.0,33,6,152.2,4,1,1,6,At Risk,0
14045.0,109,6,1659.75,2,1,4,7,At Risk,1
14048.0,305,85,409.93,1,4,2,7,At Risk,1
14052.0,20,56,225.36,4,3,1,8,At Risk,0
14053.0,124,4,260.25,2,1,2,5,At Risk,1
14054.0,65,6,92.46,3,1,1,5,At Risk,0
14055.0,106,10,725.6400000000001,2,1,3,6,At Risk,1
14067.0,64,52,374.7,3,3,2,8,At Risk,0
14068.0,320,24,265.85,1,2,2,5,At Risk,1
14073.0,32,13,151.04,4,1,1,6,At Risk,0
14076.0,129,46,122.47,2,3,1,6,At Risk,1
14079.0,125,12,375.1,2,1,2,5,At Risk,1
14080.0,33,4,45.599999999999994,4,1,1,6,At Risk,0
14089.0,57,14,161.0,3,1,1,5,At Risk,0
14098.0,37,21,147.35,3,2,1,6,At Risk,0
14100.0,138,26,194.9,2,2,1,5,At Risk,1
14104.0,155,21,216.20999999999998,2,2,1,5,At Risk,1
14111.0,14,10,692.85,4,1,3,8,At Risk,0
14114.0,274,15,386.53,1,2,2,5,At Risk,1
14124.0,84,5,419.58000000000004,2,1,2,5,At Risk,0
14127.0,123,44,709.71,2,3,3,8,At Risk,1
14130.0,319,67,483.86,1,4,2,7,At Risk,1
14133.0,130,28,605.64,2,2,3,7,At Risk,1
14139.0,46,26,415.82,3,2,2,7,At Risk,0
14142.0,373,22,311.81,1,2,2,5,At Risk,1
14147.0,78,5,483.4,2,1,2,5,At Risk,0
14149.0,221,28,446.62,1,2,2,5,At Risk,1
14150.0,36,26,658.64,3,2,3,8,At Risk,0
14152.0,75,49,621.29,2,3,3,8,At Risk,0
14154.0,239,52,1345.62,1,3,4,8,At Risk,1
14162.0,174,25,289.36,2,2,2,6,At Risk,1
14171.0,98,58,363.79,2,3,2,7,At Risk,1
14174.0,33,26,134.46,4,2,1,7,At Risk,0
14176.0,297,31,576.9000000000001,1,3,3,7,At Risk,1
14177.0,86,42,559.41,2,3,3,8,At Risk,0
14184.0,67,24,452.89,3,2,2,7,At Risk,0
14195.0,202,7,1012.0,1,1,4,6,At Risk,1
14196.0,107,6,335.52,2,1,2,5,At Risk,1
14205.0,17,24,466.7,4,2,2,8,At Risk,0
14206.0,239,20,328.15999999999997,1,2,2,5,At Risk,1
14212.0,90,9,1070.48,2,1,4,7,At Risk,0
14218.0,43,12,169.48000000000002,3,1,1,5,At Risk,0
14219.0,4,7,89.94,5,1,1,7,At Risk,0
14220.0,247,21,632.4,1,2,3,6,At Risk,1
14222.0,177,41,683.17,2,3,3,8,At Risk,1
14231.0,184,50,925.71,1,3,3,7,At Risk,1
14236.0,81,15,490.86,2,2,3,7,At Risk,0
14242.0,235,16,280.55,1,2,2,5,At Risk,1
14256.0,260,53,969.0600000000001,1,3,4,8,At Risk,1
14264.0,155,17,333.97,2,2,2,6,At Risk,1
14265.0,109,31,530.18,2,3,3,8,At Risk,1
14270.0,332,29,492.65000000000003,1,2,3,6,At Risk,1
14272.0,74,33,437.96,2,3,2,7,At Risk,0
14273.0,51,29,559.97,3,2,3,8,At Risk,0
14287.0,8,9,176.63,5,1,1,7,At Risk,0
14288.0,213,16,426.6,1,2,2,5,At Risk,1
14295.0,40,5,166.20000000000002,3,1,1,5,At Risk,0
14300.0,19,3,43.2,4,1,1,6,At Risk,0
14301.0,117,13,640.14,2,1,3,6,At Risk,1
14304.0,223,17,383.45,1,2,2,5,At Risk,1
14311.0,243,20,310.26,1,2,2,5,At Risk,1
14317.0,65,24,508.58000000000004,3,2,3,8,At Risk,0
14320.0,207,31,477.79,1,3,2,6,At Risk,1
14323.0,115,36,605.0600000000001,2,3,3,8,At Risk,1
14327.0,163,12,311.65,2,1,2,5,At Risk,1
14331.0,124,28,462.65999999999997,2,2,2,6,At Risk,1
14333.0,68,15,415.2,3,2,2,7,At Risk,0
14338.0,161,31,588.22,2,3,3,8,At Risk,1
14345.0,39,6,108.97999999999999,3,1,1,5,At Risk,0
14348.0,260,18,409.57,1,2,2,5,At Risk,1
14350.0,274,18,282.93,1,2,2,5,At Risk,1
14354.0,6,9,163.62,5,1,1,7,At Risk,0
14356.0,80,33,701.23,2,3,3,8,At Risk,0
14357.0,43,41,225.77,3,3,1,7,At Risk,0
14362.0,22,41,161.2,4,3,1,8,At Risk,0
14375.0,185,75,257.68,1,4,2,7,At Risk,1
14377.0,191,11,617.05,1,1,3,5,At Risk,1
14379.0,44,46,348.1,3,3,2,8,At Risk,0
14381.0,52,56,202.68,3,3,1,7,At Risk,0
14385.0,9,14,202.11,5,1,1,7,At Risk,0
14400.0,149,25,574.7,2,2,3,7,At Risk,1
14403.0,130,20,1475.81,2,2,4,8,At Risk,1
14411.0,311,14,1063.0,1,1,4,6,At Risk,1
14416.0,22,14,490.22,4,1,3,8,At Risk,0
14420.0,99,29,387.52,2,2,2,6,At Risk,1
14421.0,57,27,813.11,3,2,3,8,At Risk,0
14424.0,18,1,322.08,4,1,2,7,At Risk,0
14427.0,50,17,363.34000000000003,3,2,2,7,At Risk,0
14431.0,303,17,470.36,1,2,2,5,At Risk,1
14450.0,181,40,483.25,1,3,2,6,At Risk,1
14460.0,110,16,434.34,2,2,2,6,At Risk,1
14463.0,98,6,529.62,2,1,3,6,At Risk,1
14474.0,46,29,547.66,3,2,3,8,At Risk,0
14479.0,254,18,316.25,1,2,2,5,At Risk,1
14480.0,11,13,279.05,5,1,2,8,At Risk,0
14481.0,165,30,636.51,2,3,3,8,At Risk,1
14484.0,50,14,321.92,3,1,2,6,At Risk,0
14485.0,39,47,165.75,3,3,1,7,At Risk,0
14489.0,207,30,463.38,1,3,2,6,At Risk,1
14491.0,175,17,340.93,2,2,2,6,At Risk,1
14494.0,26,7,139.56,4,1,1,6,At Risk,0
14495.0,51,6,123.8,3,1,1,5,At Risk,0
14496.0,312,19,538.8100000000001,1,2,3,6,At Risk,1
14497.0,309,29,475.37,1,2,2,5,At Risk,1
14500.0,88,7,356.85,2,1,2,5,At Risk,0
14512.0,188,23,275.28,1,2,2,5,At Risk,1
14513.0,101,12,455.59000000000003,2,1,2,5,At Risk,1
14517.0,33,18,330.45,4,2,2,8,At Risk,0
14518.0,64,16,174.37,3,2,1,6,At Risk,0
14520.0,2,4,270.6,5,1,2,8,At Risk,0
14528.0,37,18,364.21999999999997,3,2,2,7,At Risk,0
14532.0,236,64,932.85,1,4,3,8,At Risk,1
14537.0,58,10,355.56,3,1,2,6,At Risk,0
14538.0,65,19,388.25,3,2,2,7,At Risk,0
14548.0,151,4,652.8,2,1,3,6,At Risk,1
14549.0,311,56,289.24,1,3,2,6,At Risk,1
14551.0,18,10,186.23,4,1,1,6,At Risk,0
14552.0,152,58,165.07,2,3,1,6,At Risk,1
14555.0,57,21,324.14,3,2,2,7,At Risk,0
14557.0,85,16,788.38,2,2,3,7,At Risk,0
14566.0,111,4,1432.0,2,1,4,7,At Risk,1
14569.0,1,12,227.39,5,1,1,7,At Risk,0
14578.0,3,24,168.63,5,2,1,8,At Risk,0
14581.0,17,17,138.6,4,2,1,7,At Risk,0
14582.0,41,6,114.11,3,1,1,5,At Risk,0
14585.0,50,29,157.05,3,2,1,6,At Risk,0
14598.0,44,50,221.97,3,3,1,7,At Risk,0
14600.0,306,25,393.33000000000004,1,2,2,5,At Risk,1
14601.0,11,7,213.96,5,1,1,7,At Risk,0
14603.0,275,2,660.0,1,1,3,5,At Risk,1
14609.0,72,4,601.56,3,1,3,7,At Risk,0
14619.0,246,20,394.44,1,2,2,5,At Risk,1
14620.0,206,26,412.78000000000003,1,2,2,5,At Risk,1
14622.0,185,21,320.58000000000004,1,2,2,5,At Risk,1
14624.0,57,13,225.85,3,1,1,5,At Risk,0
14625.0,196,53,899.63,1,3,3,7,At Risk,1
14628.0,91,24,671.96,2,2,3,7,At Risk,1
14633.0,266,20,344.90000000000003,1,2,2,5,At Risk,1
14636.0,36,28,609.85,3,2,3,8,At Risk,0
14638.0,51,16,443.6,3,2,2,7,At Risk,0
14641.0,22,7,110.46,4,1,1,6,At Risk,0
14642.0,59,2,96.12,3,1,1,5,At Risk,0
14643.0,170,31,693.8100000000001,2,3,3,8,At Risk,1
14644.0,68,26,830.76,3,2,3,8,At Risk,0
14645.0,157,30,597.09,2,3,3,8,At Risk,1
14647.0,201,30,243.22,1,3,1,5,At Risk,1
14652.0,77,29,114.18,2,2,1,5,At Risk,0
14656.0,169,80,291.05,2,4,2,8,At Risk,1
14658.0,5,29,247.15,5,2,1,8,At Risk,0
14660.0,87,30,285.74,2,3,2,7,At Risk,0
14661.0,27,4,107.95,4,1,1,6,At Risk,0
14666.0,24,14,195.25,4,1,1,6,At Risk,0
14670.0,280,132,411.53,1,5,2,8,At Risk,1
14672.0,235,61,765.55,1,4,3,8,At Risk,1
14681.0,71,7,498.95,3,1,3,7,At Risk,0
14687.0,107,15,628.38,2,2,3,7,At Risk,1
14690.0,44,50,371.7,3,3,2,8,At Risk,0
14703.0,15,22,318.17,4,2,2,8,At Risk,0
14714.0,24,10,160.19,4,1,1,6,At Risk,0
14716.0,43,55,329.68,3,3,2,8,At Risk,0
14722.0,147,29,187.92000000000002,2,2,1,5,At Risk,1
14729.0,374,71,313.49,1,4,2,7,At Risk,1
14731.0,47,45,380.02,3,3,2,8,At Risk,0
14747.0,249,18,328.2,1,2,2,5,At Risk,1
14752.0,44,5,389.64,3,1,2,6,At Risk,0
14753.0,87,30,563.15,2,3,3,8,At Risk,0
14757.0,75,19,420.5,2,2,2,6,At Risk,0
14761.0,59,11,255.9,3,1,2,6,At Risk,0
14762.0,264,21,300.52,1,2,2,5,At Risk,1
14764.0,47,6,278.3,3,1,2,6,At Risk,0
14768.0,17,5,192.60000000000002,4,1,1,6,At Risk,0
14770.0,232,52,876.42,1,3,3,7,At Risk,1
14778.0,127,35,730.86,2,3,3,8,At Risk,1
14779.0,281,41,386.15,1,3,2,6,At Risk,1
14780.0,55,27,447.68,3,2,2,7,At Risk,0
14784.0,26,15,289.99,4,2,2,8,At Risk,0
14785.0,10,3,77.4,5,1,1,7,At Risk,0
14789.0,29,6,197.64,4,1,1,6,At Risk,0
14792.0,64,2,6.2,3,1,1,5,At Risk,0
14793.0,21,14,228.99,4,1,1,6,At Risk,0
14798.0,53,12,173.74,3,1,1,5,At Risk,0
14799.0,51,13,157.7,3,1,1,5,At Risk,0
14801.0,61,59,193.14,3,4,1,8,At Risk,0
14803.0,162,44,845.55,2,3,3,8,At Risk,1
14804.0,9,12,353.27,5,1,2,8,At Risk,0
14813.0,370,30,155.43,1,3,1,5,At Risk,1
14818.0,74,48,657.8,2,3,3,8,At Risk,0
14819.0,64,13,272.07,3,1,2,6,At Risk,0
14823.0,180,70,321.43,1,4,2,7,At Risk,1
14828.0,197,17,2139.76,1,2,5,8,At Risk,1
14830.0,53,40,197.13,3,3,1,7,At Risk,0
14836.0,10,6,102.44999999999999,5,1,1,7,At Risk,0
14847.0,149,13,309.4,2,1,2,5,At Risk,1
14850.0,312,21,325.75,1,2,2,5,At Risk,1
14853.0,24,9,475.8,4,1,2,7,At Risk,0
14855.0,119,20,645.65,2,2,3,7,At Risk,1
14860.0,19,11,170.32,4,1,1,6,At Risk,0
14861.0,52,6,125.79,3,1,1,5,At Risk,0
14863.0,29,11,266.76,4,1,2,7,At Risk,0
14865.0,7,4,52.2,5,1,1,7,At Risk,0
14867.0,186,36,710.28,1,3,3,7,At Risk,1
14873.0,210,28,519.68,1,2,3,6,At Risk,1
14880.0,77,47,706.19,2,3,3,8,At Risk,0
14881.0,20,17,255.4,4,2,2,8,At Risk,0
14882.0,27,11,589.7,4,1,3,8,At Risk,0
14885.0,132,15,765.3199999999999,2,2,3,7,At Risk,1
14886.0,253,18,364.8,1,2,2,5,At Risk,1
14887.0,79,6,1862.0,2,1,4,7,At Risk,0
14888.0,207,20,369.2,1,2,2,5,At Risk,1
14891.0,148,33,554.38,2,3,3,8,At Risk,1
14894.0,85,23,655.75,2,2,3,7,At Risk,0
14896.0,205,43,468.77000000000004,1,3,2,6,At Risk,1
14902.0,26,20,332.66,4,2,2,8,At Risk,0
14905.0,158,17,616.15,2,2,3,7,At Risk,1
14908.0,74,9,277.8,2,1,2,5,At Risk,0
14915.0,91,12,307.48,2,1,2,5,At Risk,1
14920.0,213,57,977.77,1,3,4,8,At Risk,1
14929.0,32,11,223.88,4,1,1,6,At Risk,0
14932.0,366,17,363.53,1,2,2,5,At Risk,1
14935.0,297,10,1784.71,1,1,4,6,At Risk,1
14946.0,14,3,100.9,4,1,1,6,At Risk,0
14947.0,72,14,290.82,3,1,2,6,At Risk,0
14950.0,19,19,371.2,4,2,2,8,At Risk,0
14951.0,79,20,311.69,2,2,2,6,At Risk,0
14958.0,147,42,499.68,2,3,3,8,At Risk,1
14960.0,8,27,221.27,5,2,1,8,At Risk,0
14966.0,15,38,191.32,4,3,1,8,At Risk,0
14967.0,50,6,463.8,3,1,2,6,At Risk,0
14968.0,30,37,147.59,4,3,1,8,At Risk,0
14972.0,128,18,114.77,2,2,1,5,At Risk,1
14974.0,37,21,114.39,3,2,1,6,At Risk,0
14975.0,57,11,279.94,3,1,2,6,At Risk,0
14984.0,19,41,213.27,4,3,1,8,At Risk,0
14985.0,198,87,296.75,1,4,2,7,At Risk,1
14987.0,16,4,326.4,4,1,2,7,At Risk,0
14988.0,212,40,334.54,1,3,2,6,At Risk,1
14995.0,39,61,233.23000000000002,3,4,1,8,At Risk,0
14997.0,46,26,546.1999999999999,3,2,3,8,At Risk,0
14998.0,170,75,429.87,2,4,2,8,At Risk,1
15010.0,36,20,308.94,3,2,2,7,At Risk,0
15014.0,43,35,260.17,3,3,2,8,At Risk,0
15016.0,173,20,170.04,2,2,1,5,At Risk,1
15017.0,34,20,125.58,3,2,1,6,At Risk,0
15019.0,267,70,266.0,1,4,2,7,At Risk,1
15026.0,80,61,469.0,2,4,2,8,At Risk,0
15030.0,72,7,518.28,3,1,3,7,At Risk,0
15035.0,90,27,252.73000000000002,2,2,2,6,At Risk,0
15041.0,170,67,180.35,2,4,1,7,At Risk,1
15043.0,31,3,537.0,4,1,3,8,At Risk,0
15045.0,152,12,735.66,2,1,3,6,At Risk,1
15047.0,270,22,343.62,1,2,2,5,At Risk,1
15052.0,319,30,215.78,1,3,1,5,At Risk,1
15057.0,275,25,1489.5,1,2,4,7,At Risk,1
15071.0,94,26,982.07,2,2,4,8,At Risk,1
15074.0,105,42,748.87,2,3,3,8,At Risk,1
15075.0,78,27,773.03,2,2,3,7,At Risk,0
15076.0,173,49,880.85,2,3,3,8,At Risk,1
15079.0,213,47,895.61,1,3,3,7,At Risk,1
15087.0,282,15,306.94,1,2,2,5,At Risk,1
15090.0,308,23,381.32,1,2,2,5,At Risk,1
15091.0,68,30,480.71,3,3,2,8,At Risk,0
15092.0,215,26,457.81,1,2,2,5,At Risk,1
15096.0,43,11,219.39000000000001,3,1,1,5,At Risk,0
15097.0,4,25,248.08,5,2,1,8,At Risk,0
15098.0,182,3,39916.5,1,1,5,7,At Risk,1
15099.0,84,23,410.48,2,2,2,6,At Risk,0
15100.0,334,3,876.0,1,1,3,5,At Risk,1
15101.0,9,8,317.53,5,1,2,8,At Risk,0
15107.0,311,17,319.5,1,2,2,5,At Risk,1
15109.0,246,28,484.95,1,2,2,5,At Risk,1
15115.0,18,21,340.11,4,2,2,8,At Risk,0
15120.0,134,21,358.82,2,2,2,6,At Risk,1
15121.0,50,28,457.72,3,2,2,7,At Risk,0
15124.0,23,15,184.19,4,2,1,7,At Risk,0
15127.0,66,16,406.53,3,2,2,7,At Risk,0
15130.0,170,22,330.11,2,2,2,6,At Risk,1
15133.0,128,29,982.42,2,2,4,8,At Risk,1
15142.0,46,26,498.74,3,2,3,8,At Risk,0
15147.0,240,28,623.5,1,2,3,6,At Risk,1
15149.0,134,23,520.8000000000001,2,2,3,7,At Risk,1
15153.0,31,22,329.25,4,2,2,8,At Risk,0
15154.0,75,85,296.42,2,4,2,8,At Risk,0
15158.0,45,7,401.40000000000003,3,1,2,6,At Risk,0
15163.0,18,29,304.47,4,2,2,8,At Risk,0
15165.0,373,27,487.75,1,2,2,5,At Risk,1
15167.0,321,41,163.0,1,3,1,5,At Risk,1
15168.0,26,5,106.56,4,1,1,6,At Risk,0
15171.0,331,5,1289.5,1,1,4,6,At Risk,1
15175.0,72,23,224.14,3,2,1,6,At Risk,0
15181.0,66,16,689.4799999999999,3,2,3,8,At Risk,0
15182.0,154,29,622.85,2,2,3,7,At Risk,1
15185.0,70,21,310.62,3,2,2,7,At Risk,0
15186.0,14,19,411.41,4,2,2,8,At Risk,0
15193.0,61,19,499.32,3,2,3,8,At Risk,0
15199.0,59,13,1268.7,3,1,4,8,At Risk,0
15205.0,85,37,653.24,2,3,3,8,At Risk,0
15206.0,10,9,420.29999999999995,5,1,2,8,At Risk,0
15210.0,225,20,331.18,1,2,2,5,At Risk,1
15213.0,319,24,328.35,1,2,2,5,At Risk,1
15219.0,176,9,305.75,2,1,2,5,At Risk,1
15222.0,319,5,585.0,1,1,3,5,At Risk,1
15223.0,226,20,755.75,1,2,3,6,At Risk,1
15225.0,234,23,409.40000000000003,1,2,2,5,At Risk,1
15230.0,239,23,429.6,1,2,2,5,At Risk,1
15232.0,113,31,612.06,2,3,3,8,At Risk,1
15236.0,299,15,321.05,1,2,2,5,At Risk,1
15243.0,74,22,316.68,2,2,2,6,At Risk,0
15246.0,238,33,514.15,1,3,3,7,At Risk,1
15247.0,122,6,356.0,2,1,2,5,At Risk,1
15254.0,127,18,300.36,2,2,2,6,At Risk,1
15258.0,169,34,623.16,2,3,3,8,At Risk,1
15261.0,135,19,254.82,2,2,2,6,At Risk,1
15264.0,64,23,393.74,3,2,2,7,At Risk,0
15269.0,24,2,408.8,4,1,2,7,At Risk,0
15276.0,66,52,135.31,3,3,1,7,At Risk,0
15277.0,47,12,255.89999999999998,3,1,2,6,At Risk,0
15279.0,355,19,290.51,1,2,2,5,At Risk,1
15280.0,172,16,113.12,2,2,1,5,At Risk,1
15286.0,50,3,240.55,3,1,1,5,At Risk,0
15287.0,22,20,486.69,4,2,2,8,At Risk,0
15300.0,64,28,496.44,3,2,3,8,At Risk,0
15303.0,290,31,574.02,1,3,3,7,At Risk,1
15304.0,61,23,694.4000000000001,3,2,3,8,At Risk,0
15308.0,274,19,310.47,1,2,2,5,At Risk,1
15312.0,75,47,924.85,2,3,3,8,At Risk,0
15314.0,199,24,327.97,1,2,2,5,At Risk,1
15320.0,44,36,267.13,3,3,2,8,At Risk,0
15322.0,86,42,679.68,2,3,3,8,At Risk,0
15325.0,104,49,162.29,2,3,1,6,At Risk,1
15326.0,334,29,311.71,1,2,2,5,At Risk,1
15327.0,53,10,208.75,3,1,1,5,At Risk,0
15330.0,32,13,714.96,4,1,3,8,At Risk,0
15332.0,366,35,1661.06,1,3,4,8,At Risk,1
15333.0,208,16,1028.56,1,2,4,7,At Risk,1
15334.0,157,99,351.67,2,4,2,8,At Risk,1
15335.0,54,36,173.97,3,3,1,7,At Risk,0
15341.0,81,17,2020.52,2,2,4,8,At Risk,0
15342.0,130,24,406.09,2,2,2,6,At Risk,1
15343.0,87,21,364.5,2,2,2,6,At Risk,0
15345.0,46,20,393.54,3,2,2,7,At Risk,0
15346.0,333,17,252.42000000000002,1,2,2,5,At Risk,1
15348.0,72,9,158.04,3,1,1,5,At Risk,0
15349.0,158,72,473.81,2,4,2,8,At Risk,1
15353.0,255,63,777.02,1,4,3,8,At Risk,1
15355.0,29,14,277.05,4,1,2,7,At Risk,0
15360.0,40,13,427.93,3,1,2,6,At Risk,0
15363.0,373,16,326.0,1,2,2,5,At Risk,1
15364.0,96,29,913.19,2,2,3,7,At Risk,1
15366.0,75,44,602.51,2,3,3,8,At Risk,0
15368.0,21,4,446.94000000000005,4,1,2,7,At Risk,0
15372.0,137,27,2007.3999999999999,2,2,4,8,At Risk,1
15381.0,214,8,596.85,1,1,3,5,At Risk,1
15384.0,170,41,642.41,2,3,3,8,At Risk,1
15385.0,40,12,316.88,3,1,2,6,At Risk,0
15386.0,186,31,394.14,1,3,2,6,At Risk,1
15389.0,172,1,500.0,2,1,3,6,At Risk,1
15393.0,16,12,231.86,4,1,1,6,At Risk,0
15396.0,113,14,288.18,2,1,2,5,At Risk,1
15400.0,92,12,716.2,2,1,3,6,At Risk,1
15402.0,149,42,626.77,2,3,3,8,At Risk,1
15408.0,264,34,267.18,1,3,2,6,At Risk,1
15415.0,313,48,572.8100000000001,1,3,3,7,At Risk,1
15417.0,85,28,508.8,2,2,3,7,At Risk,0
15419.0,25,8,135.86,4,1,1,6,At Risk,0
15423.0,38,2,43.5,3,1,1,5,At Risk,0
15424.0,254,17,383.34,1,2,2,5,At Risk,1
15428.0,15,6,93.78,4,1,1,6,At Risk,0
15432.0,23,10,171.19,4,1,1,6,At Risk,0
15433.0,214,41,533.3,1,3,3,7,At Risk,1
15435.0,22,29,149.29,4,2,1,7,At Risk,0
15437.0,262,45,200.16,1,3,1,5,At Risk,1
15438.0,131,25,156.57999999999998,2,2,1,5,At Risk,1
15442.0,249,2,594.0,1,1,3,5,At Risk,1
15448.0,313,28,494.64,1,2,3,6,At Risk,1
15456.0,283,60,447.22,1,4,2,7,At Risk,1
15457.0,262,58,237.07,1,3,1,5,At Risk,1
15458.0,25,7,161.64,4,1,1,6,At Risk,0
15460.0,354,58,216.76,1,3,1,5,At Risk,1
15463.0,29,7,126.14,4,1,1,6,At Risk,0
15466.0,85,57,334.53,2,3,2,7,At Risk,0
15468.0,51,24,467.51,3,2,2,7,At Risk,0
15469.0,50,24,538.55,3,2,3,8,At Risk,0
15472.0,113,76,371.56,2,4,2,8,At Risk,1
15475.0,77,29,454.10999999999996,2,2,2,6,At Risk,0
15480.0,116,45,905.5,2,3,3,8,At Risk,1
15483.0,161,88,233.81,2,4,1,7,At Risk,1
15503.0,363,70,147.09,1,4,1,6,At Risk,1
15507.0,172,46,492.36,2,3,3,8,At Risk,1
15516.0,45,15,62.43,3,2,1,6,At Risk,0
15517.0,233,27,267.03,1,2,2,5,At Risk,1
15523.0,84,10,412.01000000000005,2,1,2,5,At Risk,0
15524.0,25,1,440.0,4,1,2,7,At Risk,0
15526.0,33,4,148.44,4,1,1,6,At Risk,0
15537.0,163,24,110.92,2,2,1,5,At Risk,1
15540.0,11,15,213.3,5,2,1,8,At Risk,0
15541.0,114,29,85.13000000000001,2,2,1,5,At Risk,1
15551.0,37,29,436.06,3,2,2,7,At Risk,0
15553.0,60,56,437.23,3,3,2,8,At Risk,0
15557.0,29,20,473.65000000000003,4,2,2,8,At Risk,0
15565.0,50,8,173.16,3,1,1,5,At Risk,0
15567.0,19,7,186.01,4,1,1,6,At Risk,0
15577.0,151,39,258.88,2,3,2,7,At Risk,1
15579.0,69,51,348.6,3,3,2,8,At Risk,0
15585.0,177,31,455.3,2,3,2,7,At Risk,1
15587.0,50,9,913.6800000000001,3,1,3,7,At Risk,0
15589.0,256,29,478.53000000000003,1,2,2,5,At Risk,1
15592.0,47,24,388.58,3,2,2,7,At Risk,0
15593.0,71,5,199.8,3,1,1,5,At Risk,0
15597.0,35,22,324.57,3,2,2,7,At Risk,0
15598.0,53,14,240.68,3,1,1,5,At Risk,0
15604.0,52,17,216.39,3,2,1,6,At Risk,0
15609.0,184,16,298.48,1,2,2,5,At Risk,1
15610.0,52,6,112.46000000000001,3,1,1,5,At Risk,0
15612.0,36,6,195.15,3,1,1,5,At Risk,0
15619.0,11,3,336.40000000000003,5,1,2,8,At Risk,0
15623.0,141,19,301.03,2,2,2,6,At Risk,1
15624.0,117,34,588.13,2,3,3,8,At Risk,1
15626.0,75,49,675.8,2,3,3,8,At Risk,0
15634.0,17,15,243.55,4,2,1,7,At Risk,0
15636.0,90,25,724.76,2,2,3,7,At Risk,0
15637.0,53,15,223.36,3,2,1,6,At Risk,0
15639.0,134,25,425.32,2,2,2,6,At Risk,1
15643.0,192,33,664.0,1,3,3,7,At Risk,1
15646.0,158,35,447.64000000000004,2,3,2,7,At Risk,1
15648.0,204,25,657.35,1,2,3,6,At Risk,1
15649.0,336,2,816.0,1,1,3,5,At Risk,1
15652.0,91,21,337.74,2,2,2,6,At Risk,1
15653.0,93,6,877.4399999999999,2,1,3,6,At Risk,1
15655.0,243,34,560.67,1,3,3,7,At Risk,1
15657.0,23,1,30.0,4,1,1,6,At Risk,0
15658.0,190,48,1024.1000000000001,1,3,4,8,At Risk,1
15659.0,44,11,306.45,3,1,2,6,At Risk,0
15664.0,51,17,386.43,3,2,2,7,At Risk,0
15667.0,40,13,301.32,3,1,2,6,At Risk,0
15675.0,81,21,323.69,2,2,2,6,At Risk,0
15678.0,53,12,352.7,3,1,2,6,At Risk,0
15689.0,120,9,254.1,2,1,2,5,At Risk,1
15690.0,4,19,239.76,5,2,1,8,At Risk,0
15692.0,28,12,191.04,4,1,1,6,At Risk,0
15695.0,267,22,409.98,1,2,2,5,At Risk,1
15699.0,18,18,309.65,4,2,2,8,At Risk,0
15713.0,143,19,356.7,2,2,2,6,At Risk,1
15723.0,365,41,203.1,1,3,1,5,At Risk,1
15734.0,115,26,1339.45,2,2,4,8,At Risk,1
15739.0,66,8,449.12,3,1,2,6,At Risk,0
15740.0,49,9,154.88,3,1,1,5,At Risk,0
15746.0,134,28,196.88,2,2,1,5,At Risk,1
15748.0,40,21,149.31,3,2,1,6,At Risk,0
15749.0,235,10,44534.3,1,1,5,7,At Risk,1
15754.0,51,28,458.57,3,2,2,7,At Risk,0
15758.0,25,9,205.25,4,1,1,6,At Risk,0
15766.0,64,11,315.06,3,1,2,6,At Risk,0
15768.0,116,27,621.8299999999999,2,2,3,7,At Risk,1
15774.0,69,25,270.8,3,2,2,7,At Risk,0
15776.0,133,18,241.62,2,2,1,5,At Risk,1
15777.0,241,21,1047.11,1,2,4,7,At Risk,1
15780.0,184,29,475.28000000000003,1,2,2,5,At Risk,1
15781.0,25,20,345.46,4,2,2,8,At Risk,0
15783.0,11,14,246.3,5,1,1,7,At Risk,0
15789.0,358,25,351.3,1,2,2,5,At Risk,1
15795.0,150,42,610.01,2,3,3,8,At Risk,1
15797.0,113,8,2207.4,2,1,5,8,At Risk,1
15802.0,143,1,451.42,2,1,2,5,At Risk,1
15803.0,51,8,415.82000000000005,3,1,2,6,At Risk,0
15813.0,208,40,1303.9099999999999,1,3,4,8,At Risk,1
15825.0,172,20,532.94,2,2,3,7,At Risk,1
15829.0,99,51,636.14,2,3,3,8,At Risk,1
15832.0,254,54,836.79,1,3,3,7,At Risk,1
15836.0,50,10,137.37,3,1,1,5,At Risk,0
15837.0,65,24,391.98,3,2,2,7,At Risk,0
15840.0,59,27,355.56,3,2,2,7,At Risk,0
15844.0,46,11,130.73999999999998,3,1,1,5,At Risk,0
15847.0,38,22,389.27,3,2,2,7,At Risk,0
15853.0,52,30,110.8,3,3,1,7,At Risk,0
15857.0,19,14,297.0,4,1,2,7,At Risk,0
15863.0,26,18,68.84,4,2,1,7,At Risk,0
15866.0,101,45,230.53,2,3,1,6,At Risk,1
15880.0,369,105,343.28000000000003,1,4,2,7,At Risk,1
15881.0,312,29,501.39000000000004,1,2,3,6,At Risk,1
15882.0,199,23,516.36,1,2,3,6,At Risk,1
15885.0,93,18,379.35,2,2,2,6,At Risk,1
15886.0,60,12,181.09,3,1,1,5,At Risk,0
15889.0,157,93,446.87,2,4,2,8,At Risk,1
15891.0,227,62,524.52,1,4,3,8,At Risk,1
15894.0,253,41,263.55,1,3,2,6,At Risk,1
15912.0,178,19,264.62,2,2,2,6,At Risk,1
15918.0,191,40,334.23,1,3,2,6,At Risk,1
15920.0,154,60,167.5,2,4,1,7,At Risk,1
15921.0,173,25,336.03000000000003,2,2,2,6,At Risk,1
15930.0,67,21,426.63,3,2,2,7,At Risk,0
15937.0,64,7,145.35,3,1,1,5,At Risk,0
15938.0,112,18,404.58,2,2,2,6,At Risk,1
15942.0,134,14,337.44,2,1,2,5,At Risk,1
15947.0,83,29,1708.24,2,2,4,8,At Risk,0
15949.0,17,19,364.72,4,2,2,8,At Risk,0
15963.0,20,28,470.76,4,2,2,8,At Risk,0
15975.0,84,24,371.01,2,2,2,6,At Risk,0
15976.0,165,98,430.94,2,4,2,8,At Risk,1
15986.0,30,14,168.12,4,1,1,6,At Risk,0
15988.0,19,27,158.03,4,2,1,7,At Risk,0
15992.0,4,3,41.989999999999995,5,1,1,7,At Risk,0
15994.0,55,35,427.07,3,3,2,8,At Risk,0
16010.0,246,86,407.5,1,4,2,7,At Risk,1
16017.0,47,32,211.88,3,3,1,7,At Risk,0
16018.0,39,28,408.90000000000003,3,2,2,7,At Risk,0
16022.0,260,76,628.28,1,4,3,8,At Risk,1
16025.0,30,28,439.65999999999997,4,2,2,8,At Risk,0
16026.0,43,32,236.09,3,3,1,7,At Risk,0
16027.0,92,16,934.62,2,2,3,7,At Risk,1
16030.0,310,29,331.24,1,2,2,5,At Risk,1
16034.0,196,22,437.7,1,2,2,5,At Risk,1
16036.0,87,55,758.92,2,3,3,8,At Risk,0
16037.0,270,39,855.02,1,3,3,7,At Risk,1
16052.0,54,34,362.06,3,3,2,8,At Risk,0
16063.0,260,23,335.32,1,2,2,5,At Risk,1
16065.0,365,74,372.09,1,4,2,7,At Risk,1
16071.0,45,21,326.24,3,2,2,7,At Risk,0
16072.0,288,23,584.3199999999999,1,2,3,6,At Risk,1
16084.0,299,38,436.18,1,3,2,6,At Risk,1
16091.0,155,18,315.06,2,2,2,6,At Risk,1
16092.0,115,51,817.86,2,3,3,8,At Risk,1
16104.0,62,29,302.36,3,2,2,7,At Risk,0
16106.0,66,6,108.38,3,1,1,5,At Risk,0
16108.0,85,48,842.5,2,3,3,8,At Risk,0
16109.0,219,18,611.88,1,2,3,6,At Risk,1
16112.0,143,16,195.73999999999998,2,2,1,5,At Risk,1
16113.0,183,30,161.38,1,3,1,5,At Risk,1
16116.0,212,34,612.78,1,3,3,7,At Risk,1
16117.0,190,30,232.21,1,3,1,5,At Risk,1
16122.0,73,38,684.4200000000001,2,3,3,8,At Risk,0
16123.0,52,16,307.78,3,2,2,7,At Risk,0
16135.0,263,21,517.55,1,2,3,6,At Risk,1
16141.0,88,30,620.4,2,3,3,8,At Risk,0
16142.0,250,37,535.34,1,3,3,7,At Risk,1
16146.0,157,29,734.13,2,2,3,7,At Risk,1
16147.0,134,22,375.0,2,2,2,6,At Risk,1
16152.0,269,29,1829.04,1,2,4,7,At Risk,1
16163.0,232,6,856.6,1,1,3,5,At Risk,1
16171.0,59,3,73.2,3,1,1,5,At Risk,0
16174.0,126,23,1009.5500000000001,2,2,4,8,At Risk,1
16177.0,50,15,331.95,3,2,2,7,At Risk,0
16179.0,61,11,215.83,3,1,1,5,At Risk,0
16181.0,73,11,305.54,2,1,2,5,At Risk,0
16183.0,67,15,338.71000000000004,3,2,2,7,At Risk,0
16189.0,16,11,215.48,4,1,1,6,At Risk,0
16190.0,40,6,215.08,3,1,1,5,At Risk,0
16193.0,237,19,314.45,1,2,2,5,At Risk,1
16198.0,75,15,400.68100000000004,2,2,2,6,At Risk,0
16202.0,361,18,365.27,1,2,2,5,At Risk,1
16207.0,25,19,394.38,4,2,2,8,At Risk,0
16211.0,89,23,547.02,2,2,3,7,At Risk,0
16216.0,267,37,914.9300000000001,1,3,3,7,At Risk,1
16217.0,235,15,304.25,1,2,2,5,At Risk,1
16230.0,190,35,542.03,1,3,3,7,At Risk,1
16233.0,71,22,536.6800000000001,3,2,3,8,At Risk,0
16236.0,78,20,432.2,2,2,2,6,At Risk,0
16239.0,57,19,414.2,3,2,2,7,At Risk,0
16243.0,34,51,409.1,3,3,2,8,At Risk,0
16247.0,170,16,114.56,2,2,1,5,At Risk,1
16248.0,62,7,152.94,3,1,1,5,At Risk,0
16250.0,261,24,389.44,1,2,2,5,At Risk,1
16256.0,267,13,752.4300000000001,1,1,3,5,At Risk,1
16270.0,353,54,1141.24,1,3,4,8,At Risk,1
16272.0,117,25,411.7,2,2,2,6,At Risk,1
16274.0,373,67,357.95,1,4,2,7,At Risk,1
16275.0,197,33,559.87,1,3,3,7,At Risk,1
16276.0,177,6,810.6000000000001,2,1,3,6,At Risk,1
16278.0,100,23,566.38,2,2,3,7,At Risk,1
16292.0,122,17,302.25,2,2,2,6,At Risk,1
16297.0,269,20,301.9,1,2,2,5,At Risk,1
16305.0,139,22,361.21999999999997,2,2,2,6,At Risk,1
16306.0,214,41,632.27,1,3,3,7,At Risk,1
16309.0,106,42,706.57,2,3,3,8,At Risk,1
16318.0,35,19,328.15,3,2,2,7,At Risk,0
16321.0,72,12,373.65000000000003,3,1,2,6,At Risk,0
16324.0,128,118,428.68,2,4,2,8,At Risk,1
16325.0,47,18,594.24,3,2,3,8,At Risk,0
16337.0,37,10,151.05,3,1,1,5,At Risk,0
16342.0,75,15,322.41,2,2,2,6,At Risk,0
16354.0,63,39,395.8,3,3,2,8,At Risk,0
16356.0,198,31,211.77,1,3,1,5,At Risk,1
16363.0,53,5,109.36000000000001,3,1,1,5,At Risk,0
16366.0,19,18,327.3,4,2,2,8,At Risk,0
16377.0,267,5,676.2,1,1,3,5,At Risk,1
16378.0,247,23,362.95,1,2,2,5,At Risk,1
16384.0,90,33,584.5,2,3,3,8,At Risk,0
16392.0,270,45,221.19,1,3,1,5,At Risk,1
16400.0,95,29,303.93,2,2,2,6,At Risk,1
16402.0,265,60,299.6,1,4,2,7,At Risk,1
16404.0,70,23,443.05,3,2,2,7,At Risk,0
16411.0,19,45,214.65,4,3,1,8,At Risk,0
16412.0,54,35,151.83,3,3,1,7,At Risk,0
16413.0,57,31,262.2,3,3,2,8,At Risk,0
16414.0,22,7,126.25,4,1,1,6,At Risk,0
16415.0,44,54,210.35,3,3,1,7,At Risk,0
16423.0,25,18,346.12,4,2,2,8,At Risk,0
16425.0,302,21,302.7,1,2,2,5,At Risk,1
16429.0,106,2,284.55,2,1,2,5,At Risk,1
16430.0,57,6,300.85,3,1,2,6,At Risk,0
16431.0,213,83,642.81,1,4,3,8,At Risk,1
16432.0,64,8,287.4,3,1,2,6,At Risk,0
16433.0,28,17,184.26,4,2,1,7,At Risk,0
16441.0,67,24,381.2,3,2,2,7,At Risk,0
16445.0,34,63,230.51,3,4,1,8,At Risk,0
16447.0,136,36,259.01,2,3,2,7,At Risk,1
16449.0,198,40,707.69,1,3,3,7,At Risk,1
16450.0,150,11,311.92,2,1,2,5,At Risk,1
16451.0,88,14,266.97,2,1,2,5,At Risk,0
16454.0,45,2,6.9,3,1,1,5,At Risk,0
16461.0,178,33,151.42,2,3,1,6,At Risk,1
16473.0,165,18,316.11,2,2,2,6,At Risk,1
16475.0,88,28,544.3,2,2,3,7,At Risk,0
16478.0,25,17,331.0,4,2,2,8,At Risk,0
16480.0,76,53,769.29,2,3,3,8,At Risk,0
16482.0,16,18,220.62,4,2,1,7,At Risk,0
16484.0,174,25,404.3,2,2,2,6,At Risk,1
16485.0,77,42,363.65,2,3,2,7,At Risk,0
16494.0,297,50,826.53,1,3,3,7,At Risk,1
16498.0,161,15,100.97,2,2,1,5,At Risk,1
16499.0,360,19,365.45,1,2,2,5,At Risk,1
16500.0,5,11,400.86,5,1,2,8,At Risk,0
16505.0,32,4,777.6,4,1,3,8,At Risk,0
16506.0,20,3,90.30000000000001,4,1,1,6,At Risk,0
16516.0,30,6,101.69999999999999,4,1,1,6,At Risk,0
16518.0,61,40,484.32,3,3,2,8,At Risk,0
16519.0,25,13,215.07999999999998,4,1,1,6,At Risk,0
16526.0,172,15,290.36,2,2,2,6,At Risk,1
16528.0,4,17,244.41,5,2,1,8,At Risk,0
16529.0,190,30,455.25,1,3,2,6,At Risk,1
16536.0,110,55,548.97,2,3,3,8,At Risk,1
16542.0,54,5,119.62,3,1,1,5,At Risk,0
16545.0,165,3,339.3,2,1,2,5,At Risk,1
16546.0,291,25,787.15,1,2,3,6,At Risk,1
16551.0,96,32,922.12,2,3,3,8,At Risk,1
16552.0,243,17,379.73,1,2,2,5,At Risk,1
16555.0,35,17,285.89,3,2,2,7,At Risk,0
16557.0,24,11,281.85,4,1,2,7,At Risk,0
16567.0,194,35,865.6,1,3,3,7,At Risk,1
16569.0,3,5,124.2,5,1,1,7,At Risk,0
16573.0,85,42,663.61,2,3,3,8,At Risk,0
16574.0,71,28,451.44,3,2,2,7,At Risk,0
16582.0,113,6,313.62,2,1,2,5,At Risk,1
16584.0,80,28,936.08,2,2,3,7,At Risk,0
16589.0,71,33,459.24,3,3,2,8,At Risk,0
16591.0,69,10,213.5,3,1,1,5,At Risk,0
16593.0,51,27,330.03,3,2,2,7,At Risk,0
16594.0,75,53,181.09,2,3,1,6,At Risk,0
16596.0,16,12,250.15,4,1,2,7,At Risk,0
16597.0,4,7,90.04,5,1,1,7,At Risk,0
16601.0,41,31,244.79999999999998,3,3,1,7,At Risk,0
16602.0,36,29,528.08,3,2,3,8,At Risk,0
16603.0,75,34,482.47,2,3,2,7,At Risk,0
16614.0,183,26,506.19,1,2,3,6,At Risk,1
16620.0,4,9,178.96,5,1,1,7,At Risk,0
16621.0,52,29,813.48,3,2,3,8,At Risk,0
16624.0,81,48,810.5699999999999,2,3,3,8,At Risk,0
16625.0,275,23,333.08,1,2,2,5,At Risk,1
16627.0,79,20,322.8,2,2,2,6,At Risk,0
16629.0,74,64,417.73,2,4,2,8,At Risk,0
16643.0,246,27,487.51,1,2,2,5,At Risk,1
16648.0,43,19,290.65999999999997,3,2,2,7,At Risk,0
16650.0,72,24,518.42,3,2,3,8,At Risk,0
16654.0,141,29,601.27,2,2,3,7,At Risk,1
16666.0,19,32,118.98,4,3,1,8,At Risk,0
16668.0,15,20,306.71999999999997,4,2,2,8,At Risk,0
16680.0,43,10,183.7,3,1,1,5,At Risk,0
16689.0,76,13,422.59999999999997,2,1,2,5,At Risk,0
16690.0,72,12,225.57999999999998,3,1,1,5,At Risk,0
16692.0,256,3,1276.0,1,1,4,6,At Risk,1
16696.0,135,10,657.9000000000001,2,1,3,6,At Risk,1
16698.0,227,5,1998.0,1,1,4,6,At Risk,1
16708.0,46,27,656.63,3,2,3,8,At Risk,0
16715.0,78,19,301.71999999999997,2,2,2,6,At Risk,0
16716.0,267,2,901.2,1,1,3,5,At Risk,1
16718.0,369,45,623.75,1,3,3,7,At Risk,1
16720.0,26,27,155.24,4,2,1,7,At Risk,0
16721.0,262,37,292.47,1,3,2,6,At Risk,1
16723.0,91,43,589.15,2,3,3,8,At Risk,1
16727.0,364,46,272.82,1,3,2,6,At Risk,1
16737.0,53,1,417.59999999999997,3,1,2,6,At Risk,0
16739.0,177,13,323.0,2,1,2,5,At Risk,1
16742.0,47,1,464.9,3,1,2,6,At Risk,0
16753.0,58,34,223.92000000000002,3,3,1,7,At Risk,0
16754.0,372,2,2002.4,1,1,4,6,At Risk,1
16758.0,65,22,369.34000000000003,3,2,2,7,At Risk,0
16761.0,97,13,316.62,2,1,2,5,At Risk,1
16763.0,199,23,611.85,1,2,3,6,At Risk,1
16766.0,273,34,1145.6,1,3,4,8,At Risk,1
16768.0,48,54,478.09000000000003,3,3,2,8,At Risk,0
16769.0,260,40,380.39,1,3,2,6,At Risk,1
16773.0,57,26,171.59,3,2,1,6,At Risk,0
16777.0,80,50,226.35,2,3,1,6,At Risk,0
16778.0,74,16,245.94,2,2,1,5,At Risk,0
16780.0,100,60,425.19,2,4,2,8,At Risk,1
16781.0,372,17,311.25,1,2,2,5,At Risk,1
16784.0,20,3,107.6,4,1,1,6,At Risk,0
16789.0,8,5,80.8,5,1,1,7,At Risk,0
16793.0,57,16,243.84,3,2,1,6,At Risk,0
16795.0,365,66,414.88,1,4,2,7,At Risk,1
16796.0,89,18,305.62,2,2,2,6,At Risk,0
16803.0,65,24,332.3,3,2,2,7,At Risk,0
16805.0,174,98,460.59,2,4,2,8,At Risk,1
16808.0,99,23,288.42,2,2,2,6,At Risk,1
16810.0,192,15,309.54,1,2,2,5,At Risk,1
16812.0,361,15,479.35,1,2,2,5,At Risk,1
16816.0,103,28,417.06,2,2,2,6,At Risk,1
16820.0,96,26,497.61,2,2,3,7,At Risk,1
16823.0,227,38,358.38,1,3,2,6,At Risk,1
16824.0,16,26,460.64,4,2,2,8,At Risk,0
16825.0,39,28,775.1800000000001,3,2,3,8,At Risk,0
16826.0,51,22,341.7,3,2,2,7,At Risk,0
16830.0,39,23,325.91,3,2,2,7,At Risk,0
16834.0,228,24,413.46,1,2,2,5,At Risk,1
16836.0,40,11,251.87,3,1,2,6,At Risk,0
16838.0,197,25,588.85,1,2,3,6,At Risk,1
16846.0,50,11,214.32,3,1,1,5,At Risk,0
16847.0,43,12,193.44,3,1,1,5,At Risk,0
16848.0,53,14,281.42,3,1,2,6,At Risk,0
16850.0,334,19,332.41,1,2,2,5,At Risk,1
16852.0,10,9,144.91000000000003,5,1,1,7,At Risk,0
16855.0,24,19,328.4,4,2,2,8,At Risk,0
16856.0,15,2,35.400000000000006,4,1,1,6,At Risk,0
16859.0,145,52,747.81,2,3,3,8,At Risk,1
16861.0,60,6,173.76,3,1,1,5,At Risk,0
16872.0,77,7,680.02,2,1,3,6,At Risk,0
16881.0,67,1,432.0,3,1,2,6,At Risk,0
16883.0,187,38,276.73,1,3,2,6,At Risk,1
16884.0,38,26,429.84000000000003,3,2,2,7,At Risk,0
16887.0,35,37,194.88,3,3,1,7,At Risk,0
16893.0,367,45,145.93,1,3,1,5,At Risk,1
16895.0,65,69,219.14,3,4,1,8,At Risk,0
16897.0,299,37,289.78,1,3,2,6,At Risk,1
16909.0,72,18,379.14,3,2,2,7,At Risk,0
16914.0,36,38,208.46,3,3,1,7,At Risk,0
16921.0,61,60,169.79,3,4,1,8,At Risk,0
16927.0,116,6,543.05,2,1,3,6,At Risk,1
16932.0,53,53,161.94,3,3,1,7,At Risk,0
16943.0,212,33,816.73,1,3,3,7,At Risk,1
16947.0,236,21,406.48,1,2,2,5,At Risk,1
16948.0,139,19,435.02,2,2,2,6,At Risk,1
16952.0,109,16,167.61,2,2,1,5,At Risk,1
16953.0,30,1,20.8,4,1,1,6,At Risk,0
16955.0,185,25,518.67,1,2,3,6,At Risk,1
16956.0,18,16,308.74,4,2,2,8,At Risk,0
16957.0,239,16,416.64,1,2,2,5,At Risk,1
16967.0,189,21,319.02,1,2,2,5,At Risk,1
16971.0,38,41,357.21,3,3,2,8,At Risk,0
16978.0,78,39,344.33,2,3,2,7,At Risk,0
16982.0,61,22,384.06,3,2,2,7,At Risk,0
16988.0,5,7,126.12,5,1,1,7,At Risk,0
16997.0,288,12,702.0,1,1,3,5,At Risk,1
16998.0,150,4,295.0,2,1,2,5,At Risk,1
16999.0,23,23,484.82,4,2,2,8,At Risk,0
17010.0,18,11,195.36,4,1,1,6,At Risk,0
17011.0,30,15,270.9,4,2,2,8,At Risk,0
17018.0,41,16,920.1,3,2,3,8,At Risk,0
17022.0,31,7,71.0,4,1,1,6,At Risk,0
17024.0,45,3,95.85,3,1,1,5,At Risk,0
17025.0,61,9,357.77,3,1,2,6,At Risk,0
17029.0,111,2,716.0,2,1,3,6,At Risk,1
17030.0,64,11,146.87,3,1,1,5,At Risk,0
17033.0,86,28,1030.14,2,2,4,8,At Risk,0
17035.0,246,28,433.53000000000003,1,2,2,5,At Risk,1
17038.0,30,22,112.4,4,2,1,7,At Risk,0
17040.0,138,15,449.73,2,2,2,6,At Risk,1
17045.0,113,22,339.44,2,2,2,6,At Risk,1
17046.0,157,22,642.02,2,2,3,7,At Risk,1
17048.0,118,43,925.35,2,3,3,8,At Risk,1
17051.0,194,43,247.14000000000001,1,3,1,5,At Risk,1
17053.0,131,13,498.48,2,1,3,6,At Risk,1
17062.0,314,70,538.37,1,4,3,8,At Risk,1
17070.0,114,64,312.14,2,4,2,8,At Risk,1
17076.0,36,25,841.0799999999999,3,2,3,8,At Risk,0
17078.0,36,28,378.2,3,2,2,7,At Risk,0
17080.0,22,8,287.62,4,1,2,7,At Risk,0
17111.0,47,30,248.61,3,3,1,7,At Risk,0
17120.0,233,18,307.46,1,2,2,5,At Risk,1
17123.0,162,9,345.29999999999995,2,1,2,5,At Risk,1
17124.0,185,32,298.89,1,3,2,6,At Risk,1
17125.0,50,40,259.35,3,3,2,8,At Risk,0
17134.0,107,24,425.0,2,2,2,6,At Risk,1
17138.0,276,24,380.5,1,2,2,5,At Risk,1
17140.0,247,20,465.32,1,2,2,5,At Risk,1
17142.0,239,15,579.0,1,2,3,6,At Risk,1
17146.0,106,35,749.78,2,3,3,8,At Risk,1
17148.0,52,9,124.88,3,1,1,5,At Risk,0
17152.0,195,14,1689.5,1,1,4,6,At Risk,1
17153.0,24,14,213.78,4,1,1,6,At Risk,0
17154.0,75,23,329.34,2,2,2,6,At Risk,0
17155.0,18,20,251.70000000000002,4,2,2,8,At Risk,0
17157.0,8,13,319.0,5,1,2,8,At Risk,0
17163.0,22,5,293.1,4,1,2,7,At Risk,0
17166.0,39,12,206.34,3,1,1,5,At Risk,0
17172.0,79,15,317.76,2,2,2,6,At Risk,0
17176.0,202,15,306.13,1,2,2,5,At Risk,1
17181.0,57,23,239.92000000000002,3,2,1,6,At Risk,0
17186.0,47,2,144.0,3,1,1,5,At Risk,0
17189.0,106,61,384.40000000000003,2,4,2,8,At Risk,1
17190.0,59,19,444.74,3,2,2,7,At Risk,0
17194.0,274,29,262.62,1,2,2,5,At Risk,1
17201.0,54,40,342.63,3,3,2,8,At Risk,0
17205.0,54,13,384.08,3,1,2,6,At Risk,0
17206.0,53,7,204.24,3,1,1,5,At Risk,0
17219.0,32,25,114.23,4,2,1,7,At Risk,0
17222.0,65,28,354.15,3,2,2,7,At Risk,0
17223.0,310,49,426.79,1,3,2,6,At Risk,1
17226.0,309,21,393.49,1,2,2,5,At Risk,1
17229.0,96,47,318.76,2,3,2,7,At Risk,1
17233.0,35,25,190.88,3,2,1,6,At Risk,0
17239.0,313,15,382.5,1,2,2,5,At Risk,1
17248.0,120,69,318.65,2,4,2,8,At Risk,1
17251.0,363,39,283.28000000000003,1,3,2,6,At Risk,1
17252.0,117,87,353.86,2,4,2,8,At Risk,1
17253.0,18,18,178.26,4,2,1,7,At Risk,0
17256.0,107,16,240.0,2,2,1,5,At Risk,1
17262.0,52,12,1253.3600000000001,3,1,4,8,At Risk,0
17267.0,127,38,317.62,2,3,2,7,At Risk,1
17268.0,108,6,763.64,2,1,3,6,At Risk,1
17274.0,35,27,111.97999999999999,3,2,1,6,At Risk,0
17279.0,58,9,187.82999999999998,3,1,1,5,At Risk,0
17286.0,22,45,153.92,4,3,1,8,At Risk,0
17291.0,308,1,550.8000000000001,1,1,3,5,At Risk,1
17297.0,17,51,131.78,4,3,1,8,At Risk,0
17298.0,101,30,498.42,2,3,3,8,At Risk,1
17303.0,361,53,250.04,1,3,1,5,At Risk,1
17312.0,139,14,644.3,2,1,3,6,At Risk,1
17330.0,23,6,363.9,4,1,2,7,At Risk,0
17333.0,86,28,494.25,2,2,3,7,At Risk,0
17344.0,46,32,160.57,3,3,1,7,At Risk,0
17351.0,36,27,587.15,3,2,3,8,At Risk,0
17353.0,129,8,1740.0,2,1,4,7,At Risk,1
17358.0,303,59,365.85,1,4,2,7,At Risk,1
17359.0,11,15,127.86,5,2,1,8,At Risk,0
17361.0,49,29,488.2,3,2,2,7,At Risk,0
17362.0,239,35,312.23,1,3,2,6,At Risk,1
17367.0,238,34,168.4,1,3,1,5,At Risk,1
17370.0,73,33,446.18,2,3,2,7,At Risk,0
17374.0,219,28,495.77,1,2,3,6,At Risk,1
17375.0,199,69,400.1,1,4,2,7,At Risk,1
17376.0,71,24,203.2,3,2,1,6,At Risk,0
17382.0,65,2,65.4,3,1,1,5,At Risk,0
17384.0,19,15,336.4,4,2,2,8,At Risk,0
17388.0,78,15,1259.56,2,2,4,8,At Risk,0
17391.0,164,3,508.8,2,1,3,6,At Risk,1
17392.0,307,62,457.91,1,4,2,7,At Risk,1
17398.0,115,38,653.38,2,3,3,8,At Risk,1
17403.0,36,33,281.62,3,3,2,8,At Risk,0
17409.0,185,13,771.85,1,1,3,5,At Risk,1
17414.0,44,6,778.0,3,1,3,7,At Risk,0
17415.0,80,14,507.84,2,1,3,6,At Risk,0
17418.0,42,30,463.46000000000004,3,3,2,8,At Risk,0
17423.0,46,26,698.41,3,2,3,8,At Risk,0
17427.0,72,2,100.8,3,1,1,5,At Risk,0
17429.0,128,39,524.9200000000001,2,3,3,8,At Risk,1
17430.0,33,14,265.76,4,1,2,7,At Risk,0
17431.0,313,43,403.3,1,3,2,6,At Risk,1
17433.0,88,54,303.15999999999997,2,3,2,7,At Risk,0
17436.0,2,9,216.29999999999998,5,1,1,7,At Risk,0
17438.0,254,17,388.45000000000005,1,2,2,5,At Risk,1
17443.0,220,1,534.24,1,1,3,5,At Risk,1
17453.0,18,19,486.71999999999997,4,2,2,8,At Risk,0
17454.0,192,61,517.53,1,4,3,8,At Risk,1
17457.0,127,19,1737.7,2,2,4,8,At Risk,1
17460.0,94,29,622.4300000000001,2,2,3,7,At Risk,1
17462.0,60,27,675.69,3,2,3,8,At Risk,0
17464.0,158,9,289.96000000000004,2,1,2,5,At Risk,1
17468.0,10,5,137.0,5,1,1,7,At Risk,0
17480.0,78,29,511.82,2,2,3,7,At Risk,0
17483.0,65,21,414.04,3,2,2,7,At Risk,0
17486.0,261,24,396.87,1,2,2,5,At Risk,1
17489.0,59,29,376.64,3,2,2,7,At Risk,0
17498.0,76,17,272.22,2,2,2,6,At Risk,0
17499.0,290,40,622.88,1,3,3,7,At Risk,1
17501.0,221,18,288.6,1,2,2,5,At Risk,1
17506.0,76,14,302.2,2,1,2,5,At Risk,0
17507.0,262,88,605.58,1,4,3,8,At Risk,1
17508.0,281,22,387.31,1,2,2,5,At Risk,1
17510.0,25,20,308.48,4,2,2,8,At Risk,0
17513.0,72,6,513.2,3,1,3,7,At Risk,0
17514.0,128,40,208.65,2,3,1,6,At Risk,1
17534.0,54,9,223.36,3,1,1,5,At Risk,0
17538.0,26,9,98.42,4,1,1,6,At Risk,0
17549.0,24,6,148.86,4,1,1,6,At Risk,0
17550.0,197,42,267.16,1,3,2,6,At Risk,1
17551.0,359,43,306.84,1,3,2,6,At Risk,1
17553.0,130,2,1487.6,2,1,4,7,At Risk,1
17560.0,95,27,854.95,2,2,3,7,At Risk,1
17561.0,19,46,167.62,4,3,1,8,At Risk,0
17569.0,332,29,344.14,1,2,2,5,At Risk,1
17572.0,71,12,226.75000000000003,3,1,1,5,At Risk,0
17573.0,29,25,380.6,4,2,2,8,At Risk,0
17580.0,253,45,215.72,1,3,1,5,At Risk,1
17588.0,100,23,1240.2,2,2,4,8,At Risk,1
17597.0,214,55,2044.3700000000001,1,3,4,8,At Risk,1
17600.0,18,13,161.67000000000002,4,1,1,6,At Risk,0
17603.0,78,11,394.72,2,1,2,5,At Risk,0
17604.0,217,63,309.36,1,4,2,7,At Risk,1
17615.0,130,14,329.6,2,1,2,5,At Risk,1
17616.0,174,3,571.1999999999999,2,1,3,6,At Risk,1
17619.0,312,77,218.52,1,4,1,6,At Risk,1
17620.0,60,4,81.44,3,1,1,5,At Risk,0
17630.0,170,26,503.59999999999997,2,2,3,7,At Risk,1
17636.0,19,20,285.56,4,2,2,8,At Risk,0
17640.0,87,5,621.66,2,1,3,6,At Risk,0
17642.0,120,40,712.29,2,3,3,8,At Risk,1
17646.0,219,51,1008.39,1,3,4,8,At Risk,1
17647.0,65,7,133.06,3,1,1,5,At Risk,0
17649.0,138,52,868.49,2,3,3,8,At Risk,1
17650.0,21,8,166.08,4,1,1,6,At Risk,0
17660.0,141,45,196.0,2,3,1,6,At Risk,1
17674.0,74,27,551.04,2,2,3,7,At Risk,0
17678.0,264,16,298.11,1,2,2,5,At Risk,1
17680.0,24,11,184.4,4,1,1,6,At Risk,0
17684.0,44,15,239.41,3,2,1,6,At Risk,0
17691.0,358,19,290.40000000000003,1,2,2,5,At Risk,1
17692.0,127,46,740.9399999999999,2,3,3,8,At Risk,1
17693.0,137,16,200.47,2,2,1,5,At Risk,1
17694.0,142,15,283.12,2,2,2,6,At Risk,1
17695.0,132,35,765.34,2,3,3,8,At Risk,1
17697.0,236,19,338.95,1,2,2,5,At Risk,1
17701.0,253,24,417.95,1,2,2,5,At Risk,1
17704.0,169,31,885.19,2,3,3,8,At Risk,1
17708.0,188,35,267.08,1,3,2,6,At Risk,1
17712.0,45,29,522.91,3,2,3,8,At Risk,0
17723.0,127,10,3276.4000000000005,2,1,5,8,At Risk,1
17732.0,373,18,303.97,1,2,2,5,At Risk,1
17737.0,9,10,168.24,5,1,1,7,At Risk,0
17742.0,113,15,355.11,2,2,2,6,At Risk,1
17749.0,178,35,674.52,2,3,3,8,At Risk,1
17760.0,22,25,287.59,4,2,2,8,At Risk,0
17765.0,159,57,371.88,2,3,2,7,At Risk,1
17767.0,15,21,271.2,4,2,2,8,At Risk,0
17770.0,199,38,1143.27,1,3,4,8,At Risk,1
17771.0,57,54,245.81,3,3,1,7,At Risk,0
17785.0,53,13,131.94,3,1,1,5,At Risk,0
17786.0,85,72,278.74,2,4,2,8,At Risk,0
17788.0,74,5,1117.9,2,1,4,7,At Risk,0
17791.0,30,10,106.1,4,1,1,6,At Risk,0
17795.0,180,46,350.39,1,3,2,6,At Risk,1
17805.0,74,10,512.31,2,1,3,6,At Risk,0
17816.0,37,17,36.56,3,2,1,6,At Risk,0
17824.0,51,13,298.4,3,1,2,6,At Risk,0
17829.0,299,30,889.24,1,3,3,7,At Risk,1
17831.0,33,2,35.400000000000006,4,1,1,6,At Risk,0
17832.0,50,61,155.37,3,4,1,8,At Risk,0
17836.0,47,24,110.21000000000001,3,2,1,6,At Risk,0
17839.0,42,56,338.8,3,3,2,8,At Risk,0
17843.0,303,37,205.48,1,3,1,5,At Risk,1
17846.0,85,1,2033.1,2,1,4,7,At Risk,0
17848.0,81,51,901.1999999999999,2,3,3,8,At Risk,0
17849.0,218,26,605.8000000000001,1,2,3,6,At Risk,1
17852.0,12,24,114.34,5,2,1,8,At Risk,0
17854.0,185,15,311.26,1,2,2,5,At Risk,1
17860.0,369,58,252.8,1,3,2,6,At Risk,1
17866.0,143,9,329.65,2,1,2,5,At Risk,1
17869.0,107,40,428.18,2,3,2,7,At Risk,1
17874.0,185,46,683.46,1,3,3,7,At Risk,1
17878.0,44,26,379.45,3,2,2,7,At Risk,0
17880.0,365,26,458.92,1,2,2,5,At Risk,1
17890.0,323,94,602.09,1,4,3,8,At Risk,1
17891.0,162,34,203.85999999999999,2,3,1,6,At Risk,1
17892.0,56,28,244.1,3,2,1,6,At Risk,0
17895.0,44,16,98.0,3,2,1,6,At Risk,0
17896.0,23,2,256.32,4,1,2,7,At Risk,0
17898.0,85,28,152.06,2,2,1,5,At Risk,0
17899.0,159,32,155.8,2,3,1,6,At Risk,1
17901.0,29,19,110.38,4,2,1,7,At Risk,0
17904.0,21,38,191.67,4,3,1,8,At Risk,0
17908.0,374,58,243.28,1,3,1,5,At Risk,1
17912.0,310,38,311.01,1,3,2,6,At Risk,1
17919.0,88,23,1304.04,2,2,4,8,At Risk,0
17926.0,133,21,397.29,2,2,2,6,At Risk,1
17928.0,45,23,212.54,3,2,1,6,At Risk,0
17931.0,134,65,408.36,2,4,2,8,At Risk,1
17934.0,52,21,704.25,3,2,3,8,At Risk,0
17935.0,138,29,145.79,2,2,1,5,At Risk,1
17941.0,131,2,304.56,2,1,2,5,At Risk,1
17942.0,8,2,77.50000000000001,5,1,1,7,At Risk,0
17947.0,37,9,176.68,3,1,1,5,At Risk,0
17948.0,147,1,358.56000000000006,2,1,2,5,At Risk,1
17955.0,199,19,557.3,1,2,3,6,At Risk,1
17957.0,66,31,111.68,3,3,1,7,At Risk,0
17958.0,117,7,508.4599999999999,2,1,3,6,At Risk,1
17960.0,171,26,73.78,2,2,1,5,At Risk,1
17962.0,142,35,102.83,2,3,1,6,At Risk,1
17967.0,372,48,123.07,1,3,1,5,At Risk,1
17968.0,374,85,277.35,1,4,2,7,At Risk,1
17970.0,211,31,582.59,1,3,3,7,At Risk,1
17972.0,242,31,136.04,1,3,1,5,At Risk,1
17973.0,52,15,337.04,3,2,2,7,At Risk,0
17976.0,372,65,353.19,1,4,2,7,At Risk,1
17977.0,29,21,288.14,4,2,2,8,At Risk,0
17980.0,166,30,811.45,2,3,3,8,At Risk,1
17984.0,145,48,152.68,2,3,1,6,At Risk,1
17986.0,56,1,20.8,3,1,1,5,At Risk,0
17990.0,237,29,630.84,1,2,3,6,At Risk,1
18004.0,362,40,169.47,1,3,1,5,At Risk,1
18006.0,23,22,444.68,4,2,2,8,At Risk,0
18009.0,235,32,257.34,1,3,2,6,At Risk,1
18013.0,155,31,187.29,2,3,1,6,At Risk,1
18014.0,28,32,166.42,4,3,1,8,At Risk,0
18017.0,81,3,523.0,2,1,3,6,At Risk,0
18018.0,108,29,122.14,2,2,1,5,At Risk,1
18019.0,52,5,38.45,3,1,1,5,At Risk,0
18024.0,153,21,389.78,2,2,2,6,At Risk,1
18027.0,99,21,115.31,2,2,1,5,At Risk,1
18030.0,4,9,230.64999999999998,5,1,1,7,At Risk,0
18033.0,65,34,97.97,3,3,1,7,At Risk,0
18037.0,154,19,70.02,2,2,1,5,At Risk,1
18040.0,19,19,357.20000000000005,4,2,2,8,At Risk,0
18042.0,54,7,165.04999999999998,3,1,1,5,At Risk,0
18045.0,45,47,189.4,3,3,1,7,At Risk,0
18053.0,71,20,300.02,3,2,2,7,At Risk,0
18056.0,288,19,363.65,1,2,2,5,At Risk,1
18058.0,10,3,170.16,5,1,1,7,At Risk,0
18059.0,23,19,306.46,4,2,2,8,At Risk,0
18062.0,173,27,720.52,2,2,3,7,At Risk,1
18064.0,133,7,814.0,2,1,3,6,At Risk,1
18066.0,75,10,318.0,2,1,2,5,At Risk,0
18067.0,40,37,396.33,3,3,2,8,At Risk,0
18071.0,258,25,453.0,1,2,2,5,At Risk,1
18078.0,217,29,336.13,1,2,2,5,At Risk,1
18081.0,36,17,343.45,3,2,2,7,At Risk,0
18084.0,16,1,90.47999999999999,4,1,1,6,At Risk,0
18085.0,330,29,689.95,1,2,3,6,At Risk,1
18087.0,98,2,4055.7199999999993,2,1,5,8,At Risk,1
18088.0,61,39,167.67000000000002,3,3,1,7,At Risk,0
18095.0,313,21,580.0500000000001,1,2,3,6,At Risk,1
18099.0,127,19,168.31,2,2,1,5,At Risk,1
18105.0,38,18,113.48000000000002,3,2,1,6,At Risk,0
18106.0,330,39,430.7,1,3,2,6,At Risk,1
18108.0,254,17,271.0,1,2,2,5,At Risk,1
18110.0,20,46,236.3,4,3,1,8,At Risk,0
18119.0,368,30,181.12,1,3,1,5,At Risk,1
18121.0,149,32,673.1,2,3,3,8,At Risk,1
18126.0,61,56,206.82999999999998,3,3,1,7,At Risk,0
18133.0,212,1,931.4999999999999,1,1,3,5,At Risk,1
18142.0,157,15,1019.52,2,2,4,8,At Risk,1
18147.0,46,7,179.33999999999997,3,1,1,5,At Risk,0
18149.0,51,16,612.0799999999999,3,2,3,8,At Risk,0
18151.0,135,38,653.35,2,3,3,8,At Risk,1
18155.0,75,25,371.62,2,2,2,6,At Risk,0
18159.0,301,23,530.15,1,2,3,6,At Risk,1
18164.0,37,24,399.65000000000003,3,2,2,7,At Risk,0
18165.0,177,10,302.46000000000004,2,1,2,5,At Risk,1
18169.0,61,9,202.65,3,1,1,5,At Risk,0
18174.0,7,1,104.0,5,1,1,7,At Risk,0
18176.0,358,30,476.35,1,3,2,6,At Risk,1
18183.0,227,37,632.07,1,3,3,7,At Risk,1
18184.0,15,1,49.8,4,1,1,6,At Risk,0
18185.0,249,17,304.25,1,2,2,5,At Risk,1
18190.0,192,15,284.46000000000004,1,2,2,5,At Risk,1
18193.0,165,16,243.76,2,2,1,5,At Risk,1
18194.0,82,7,973.8399999999999,2,1,4,7,At Risk,0
18200.0,106,32,163.8,2,3,1,6,At Risk,1
18203.0,157,19,160.42000000000002,2,2,1,5,At Risk,1
18209.0,29,8,139.10000000000002,4,1,1,6,At Risk,0
18212.0,326,43,248.42,1,3,1,5,At Risk,1
18215.0,89,13,299.34000000000003,2,1,2,5,At Risk,0
18216.0,31,26,481.75,4,2,2,8,At Risk,0
18218.0,211,21,662.08,1,2,3,6,At Risk,1
18222.0,93,19,443.0,2,2,2,6,At Risk,1
18232.0,82,37,592.97,2,3,3,8,At Risk,0
18240.0,46,6,422.58,3,1,2,6,At Risk,0
18246.0,24,4,596.1,4,1,3,8,At Risk,0
18248.0,123,47,804.02,2,3,3,8,At Risk,1
18249.0,17,8,95.34,4,1,1,6,At Risk,0
18250.0,310,21,349.27,1,2,2,5,At Risk,1
18261.0,43,21,324.24,3,2,2,7,At Risk,0
18270.0,38,11,283.15,3,1,2,6,At Risk,0
18273.0,2,3,204.0,5,1,1,7,At Risk,0
18274.0,30,11,175.92,4,1,1,6,At Risk,0
18276.0,44,14,335.86,3,1,2,6,At Risk,0
18277.0,58,8,110.38,3,1,1,5,At Risk,0
18282.0,8,12,178.05,5,1,1,7,At Risk,0
